--
-- PostgreSQL database dump
--

\restrict b0Mr2A5stkmSptblxfAzSCRABzXYw2XVojZzEHeLQ9K8FqFdqdL8TywVhEaBEJw

-- Dumped from database version 16.13
-- Dumped by pg_dump version 17.8

SET statement_timeout = 0;
SET lock_timeout = 0;
SET idle_in_transaction_session_timeout = 0;
SET transaction_timeout = 0;
SET client_encoding = 'UTF8';
SET standard_conforming_strings = on;
SELECT pg_catalog.set_config('search_path', '', false);
SET check_function_bodies = false;
SET xmloption = content;
SET client_min_messages = warning;
SET row_security = off;

--
-- Data for Name: Epic; Type: TABLE DATA; Schema: public; Owner: dpf
--

INSERT INTO public."Epic" VALUES ('cmmpy9rzg000011nqzvc7oe8c', 'EP-PORTAL-FOUND-001', 'Portal, Portfolio, Inventory, and Workspace Surface Foundation', 'Reestablish the core platform shell and major route surfaces created during the last four days: portfolio, inventory, employee, customer, ops, platform, admin, and supporting portfolio metrics.', 'done', '2026-03-14 06:33:59.02', '2026-03-14 06:33:59.02') ON CONFLICT DO NOTHING;
INSERT INTO public."Epic" VALUES ('cmmpy9rzq000111nq9mbxakax', 'EP-BACKLOG-FOUND-001', 'Backlog and Epic Management Foundation', 'Restore the foundational backlog system and epic grouping capability that was introduced to manage work across the digital product factory.', 'done', '2026-03-14 06:33:59.031', '2026-03-14 06:33:59.031') ON CONFLICT DO NOTHING;
INSERT INTO public."Epic" VALUES ('cmmpy9rzz000211nqt2g9ktoe', 'EP-EA-MODEL-001', 'Enterprise Architecture Modeling Foundation and Canvas', 'Restore the EA metamodel, views, canvas, relationship handling, and structured notation groundwork added for the EA workspace.', 'in-progress', '2026-03-14 06:33:59.039', '2026-03-14 06:33:59.039') ON CONFLICT DO NOTHING;
INSERT INTO public."Epic" VALUES ('cmmpy9s04000311nqqr84wgrs', 'EP-EA-REF-001', 'EA Reference Model Assessment and Reference Architecture Loading', 'Track the IT4IT-based reference model assessment foundation and the repeatable reference architecture loading path needed to create live EA models and views from repo-backed artifacts.', 'in-progress', '2026-03-14 06:33:59.044', '2026-03-14 06:33:59.044') ON CONFLICT DO NOTHING;
INSERT INTO public."Epic" VALUES ('cmmpy9s0g000611nqxtc86284', 'EP-GOV-FOUND-001', 'Unified Identity, Access, and Agent Governance Foundation', 'Restore the shared human, team, delegation, and agent-governance foundation intended to support HR core, CRM, and governed AI execution.', 'in-progress', '2026-03-14 06:33:59.056', '2026-03-14 06:33:59.056') ON CONFLICT DO NOTHING;
INSERT INTO public."Epic" VALUES ('cmmpy9s0k000711nqlpgehpz6', 'EP-DISCOVERY-001', 'Bootstrap Infrastructure Discovery and Portfolio Quality Foundation', 'Track the local bootstrap discovery pipeline, normalized inventory, graph projection, foundational attribution, and quality issue surfacing.', 'in-progress', '2026-03-14 06:33:59.06', '2026-03-14 06:33:59.06') ON CONFLICT DO NOTHING;
INSERT INTO public."Epic" VALUES ('cmmpy9s0o000811nqg8rwwmyf', 'EP-UI-THEME-001', 'Theme and Branding Modernization', 'Create a resilient theme-system foundation with configurable color and branding presets from a curated set of company styles.', 'open', '2026-03-14 06:33:59.064', '2026-03-14 06:33:59.064') ON CONFLICT DO NOTHING;
INSERT INTO public."Epic" VALUES ('cmmpy9s0s000911nqh718anko', 'EP-UI-A11Y-001', 'Dark Theme Usability and Accessibility Policy', 'Establish and enforce WCAG 2.1 AA contrast standards, minimum font sizes, and surface separation rules for the platform dark theme.', 'in-progress', '2026-03-14 06:33:59.068', '2026-03-14 06:33:59.068') ON CONFLICT DO NOTHING;
INSERT INTO public."Epic" VALUES ('cmmpy9s08000411nqwi7okyzx', 'EP-AI-PROVIDERS-001', 'AI Provider Registry, Expanded Providers, and Local AI OOTB', 'Restore the AI provider registry, expanded provider support, model discovery and profiling, and Docker/Ollama out-of-the-box workstream.', 'done', '2026-03-14 06:33:59.048', '2026-03-14 14:40:50.52') ON CONFLICT DO NOTHING;
INSERT INTO public."Epic" VALUES ('cmmpy9s0c000511nqpp90acyt', 'EP-AI-COWORKER-001', 'AI Agent Co-worker UX', 'Track the route-aware AI co-worker panel, agent routing, messaging, and contextual teammate UX integrated into the portal shell.', 'done', '2026-03-14 06:33:59.052', '2026-03-14 14:40:50.524') ON CONFLICT DO NOTHING;
INSERT INTO public."Epic" VALUES ('cmmqfrbzs000b2m58r88ty7jf', 'EP-DEPLOY-001', 'Standalone Docker Deployment with Managed Ollama', 'Single docker compose up brings portal + Postgres + Ollama online. Platform UI manages Docker/Ollama directly with auto-detection of host GPU/RAM and zero-config model selection.', 'open', '2026-03-14 14:43:31.577', '2026-03-14 14:43:31.577') ON CONFLICT DO NOTHING;
INSERT INTO public."Epic" VALUES ('cmmqfrc0b000o2m585fpa8ska', 'EP-AGENT-EXEC-001', 'Agent Task Execution with HITL Governance', 'Agents propose real actions (create backlog items, modify products, update EA). Humans approve before execution. Audit-logged via AuthorizationDecisionLog for regulated industry compliance.', 'open', '2026-03-14 14:43:31.596', '2026-03-14 14:43:31.596') ON CONFLICT DO NOTHING;
INSERT INTO public."Epic" VALUES ('cmmqun57h0000h4agvwv322bn', 'EP-WORKFORCE-001', 'Unified Human + AI Workforce Management', 'Transform the Employee route into a full workforce view showing both human roles and AI agents as a single team. ADP autonomy levels, RACI-A responsibility matrices, escalation chains, skill taxonomy (SFIA 9 + Agent Skills), and capacity planning per portfolio.', 'open', '2026-03-14 21:40:10.398', '2026-03-14 21:40:10.398') ON CONFLICT DO NOTHING;
INSERT INTO public."Epic" VALUES ('cmmqv1u170000jyryahuavh95', 'EP-QUALITY-001', 'Product Quality Feedback and Error Reporting', 'Capture runtime errors, user-reported issues, and page feedback. Route to the responsible digital product owner via the taxonomy. AI co-worker assists with error context and reporting. Every page has a feedback option.', 'open', '2026-03-14 21:51:35.756', '2026-03-14 21:51:35.756') ON CONFLICT DO NOTHING;
INSERT INTO public."Epic" VALUES ('cmmqfrbz300002m58d1u5nlkb', 'EP-LLM-LIVE-001', 'Live LLM Conversations', 'Replace canned responses in the co-worker panel with real AI inference via configured providers. Generalizes the existing profiling call infrastructure into a chat-capable inference pipeline.', 'in-progress', '2026-03-14 14:43:31.552', '2026-03-14 23:37:55.514') ON CONFLICT DO NOTHING;
INSERT INTO public."Epic" VALUES ('cmmqun58w000dh4agr0j0v8sv', 'EP-FINANCE-001', 'Financial Primitives and Budget Management', 'Implement robust finance operations in the platform with ERPNext as the execution engine (multi-business, multi-company), including accounts payable, accounts receivable, payroll, taxes, shopping cart to receivables workflow, and CRM handoff for trainer signup + billing events.', 'open', '2026-03-14 21:40:10.449', '2026-03-15 05:12:02.08') ON CONFLICT DO NOTHING;
INSERT INTO public."Epic" VALUES ('cmmrduwu6005uaf4ljun5z4i5', 'EP-BUILD-129F34', 'Student Payment & Registration Flow v1.0.0', NULL, 'open', '2026-03-15 06:38:05.503', '2026-03-15 06:38:05.503') ON CONFLICT DO NOTHING;
INSERT INTO public."Epic" VALUES ('cmmrduye60063af4l5djqt85j', 'EP-BUILD-A69429', 'Student Payment & Registration Flow v1.0.0', NULL, 'open', '2026-03-15 06:38:07.519', '2026-03-15 06:38:07.519') ON CONFLICT DO NOTHING;
INSERT INTO public."Epic" VALUES ('cmmrw3dvt0000ypqa2x3mtoa4', 'EP-REFACTOR-001', 'Platform Refactoring — Technical Debt Reduction', 'Ongoing refactoring to centralize duplicated patterns, reduce technical debt, and improve maintainability. 20% budget rule: when duplicate patterns are noticed during feature work, log them here.', 'open', '2026-03-15 15:08:33.929', '2026-03-15 15:08:33.929') ON CONFLICT DO NOTHING;
INSERT INTO public."Epic" VALUES ('cmmrx9st20000cjh84dczrsgi', 'EP-INTAKE-001', 'Portfolio-Aware Feature Intake', 'Smart intake layer: when a user describes what they want, the agent searches existing portfolio/taxonomy/products for related items, suggests starting points, and decomposes large ideas into feature sets with backlog items.', 'open', '2026-03-15 15:41:32.822', '2026-03-15 15:41:32.822') ON CONFLICT DO NOTHING;
INSERT INTO public."Epic" VALUES ('cmmrx9st80001cjh8xxihpicy', 'EP-PARALLEL-001', 'Parallel Feature Execution Engine', 'Multiple FeatureBuilds running concurrently with independent sandboxes, managed by an orchestrator agent. Investment controls (budget ceiling, autonomy level per build). The factory floor.', 'open', '2026-03-15 15:41:32.829', '2026-03-15 15:41:32.829') ON CONFLICT DO NOTHING;
INSERT INTO public."Epic" VALUES ('cmmrx9std0002cjh8tcfsd2wm', 'EP-AUTONOMY-001', 'Agent Autonomy Controls', 'UX dial for human involvement level per build. Ranges from full HITL (approve every action) to full autonomy (spend limits only). Ties into ADP governance levels from EP-WORKFORCE-001.', 'open', '2026-03-15 15:41:32.833', '2026-03-15 15:41:32.833') ON CONFLICT DO NOTHING;
INSERT INTO public."Epic" VALUES ('cmmrx9sth0003cjh8w2w5pzcj', 'EP-CODEGEN-001', 'Build Studio Code Generation Tools', 'MCP tools for sandbox code generation: generate schema, UI components, API routes. Testing + verification tools: run tests, type-check, lint. The backend muscle for the Build Studio.', 'open', '2026-03-15 15:41:32.837', '2026-03-15 15:41:32.837') ON CONFLICT DO NOTHING;
INSERT INTO public."Epic" VALUES ('cmmrx9stl0004cjh8ns7ar9jp', 'EP-DEPLOY-002', 'Build Studio Deployment Pipeline', 'Apply sandbox changes to running platform: migrations, code deployment, rollback. Audit trail for every deployment action. Regulated-industry compliance controls.', 'open', '2026-03-15 15:41:32.841', '2026-03-15 15:41:32.841') ON CONFLICT DO NOTHING;
INSERT INTO public."Epic" VALUES ('cmmrxkjly00006yvptn1inga9', 'EP-DEDUP-001', 'Duplicate Detection + Cross-Team Collaboration', 'When a user proposes a new feature or product, the platform checks existing builds, backlog items, epics, and registered third-party products across the entire enterprise for overlap. Connects users working on similar initiatives. Suggests reuse of existing products or containers. Prevents organizational duplication at scale. Depends on portfolio taxonomy, product inventory, and EA model being populated.', 'open', '2026-03-15 15:49:54.119', '2026-03-15 15:49:54.119') ON CONFLICT DO NOTHING;
INSERT INTO public."Epic" VALUES ('cmmrzjncl0000ksrteph6xcx4', 'EP-EMP-WS-001', 'Employee Workspace Interaction Model', 'Make the default employee workspace the shared front door for all employees, with role-aware provider, consumer, and collaboration modes. Employees should use one portal shell while seeing different work, services, apps, and handoffs based on role and current responsibilities.

Platform rule: every current and future digital product must declare employee workspace exposure across shared sections, interaction modes, and role-aware entry points.', 'open', '2026-03-15 16:45:11.541', '2026-03-15 16:45:11.541') ON CONFLICT DO NOTHING;
INSERT INTO public."Epic" VALUES ('cmmqpm5na0000tz62vw4tl0sm', 'EP-SELF-DEV-001', 'AI-Driven Platform Self-Development', 'Enable the platform to write new functionality for non-developers. AI agents propose code changes, create components, and deploy updates through governed workflows with human approval. The platform iterates on itself within the 4 portfolio contexts.

Factory rule: runtime onboarding and managed product registration must also capture workspace exposure, provider/consumer ownership, and governance placeholders from development onward.', 'open', '2026-03-14 19:19:26.23', '2026-03-14 19:19:26.23') ON CONFLICT DO NOTHING;
INSERT INTO public."Epic" VALUES ('cmms3wmov0000gq0eiljpopv3', 'EP-UPLOAD-001', 'File Upload + Document Parsing for Build Studio', 'Upload spreadsheets, docs, emails, PDFs during feature intake. Agent parses documents to extract structure (columns, fields, processes). Files attached to FeatureBuilds and linked to backlog items. Airtable-style upload-to-data-model flow.', 'open', '2026-03-15 18:47:15.679', '2026-03-15 18:47:15.679') ON CONFLICT DO NOTHING;
INSERT INTO public."Epic" VALUES ('cmms5zoii0000148jak0lterh', 'EP-MCP-001', 'MCP Server Registry + Marketplace Integration', 'Visible MCP server configurations in AI Workforce UX. Browse/install tools from MCP marketplaces. Each agent shows which MCP tools it has access to. Admin can enable/disable/configure MCP servers per agent or globally. Future: community marketplace for sharing custom tools.', 'open', '2026-03-15 19:45:37.242', '2026-03-15 19:45:37.242') ON CONFLICT DO NOTHING;
INSERT INTO public."Epic" VALUES ('cmms820370000trledwv0l6wd', 'EP-PROCESS-001', 'Process Improvement AI Observer', 'A background AI coworker that observes human/agent dialog across all conversations. Identifies friction, repeated questions, failed tool calls, missed context, and UX gaps. Automatically creates backlog items in the correct product backlog with proper context. Core MVP capability for iterative platform improvement. Not a separate UI — runs silently and surfaces findings through the backlog system.', 'open', '2026-03-15 20:43:24.788', '2026-03-15 20:43:24.788') ON CONFLICT DO NOTHING;
INSERT INTO public."Epic" VALUES ('eb7dcd8a-fa15-46c3-854c-811a2fab199a', 'EP-CAL-001', 'Calendar Infrastructure — Unified Scheduling & Event System', 'A calendar event framework serving as platform scheduling infrastructure. Subsumes ScheduledJob into a unified CalendarEvent model supporting one-time and recurring events, automated action execution with backlog-based audit trails, role-contextual UX surfaces, and MCP tool exposure for AI coworkers.', 'open', '2026-03-15 22:47:41.87', '2026-03-15 22:47:41.87') ON CONFLICT DO NOTHING;


--
-- Data for Name: BacklogItem; Type: TABLE DATA; Schema: public; Owner: dpf
--

INSERT INTO public."BacklogItem" VALUES ('cmmpycxoi0001xav7z6yvc8pt', 'BI-REST-001', 'Restore shell navigation and core workspace surfaces', 'done', 'portfolio', 'Reconstructed from repo history: shell layout, header navigation, workspace framing, and major route surfaces were established across the last four days.', '2026-03-14 06:36:26.37', '2026-03-14 06:36:26.37', 1, NULL, 'cmmpxy9qp00cyzrik0px2i925', 'cmmpy9rzg000011nqzvc7oe8c', NULL, 1, NULL) ON CONFLICT DO NOTHING;
INSERT INTO public."BacklogItem" VALUES ('cmmpycxom0003xav7oh41zq99', 'BI-REST-002', 'Restore employee, customer, ops, platform, and admin route surfaces', 'done', 'portfolio', 'Reconstructed from route specs and commits for /employee, /customer, /ops, /platform, and /admin.', '2026-03-14 06:36:26.374', '2026-03-14 06:36:26.374', 2, NULL, 'cmmpxy9i6002yzrik2cnbas6m', 'cmmpy9rzg000011nqzvc7oe8c', NULL, 1, NULL) ON CONFLICT DO NOTHING;
INSERT INTO public."BacklogItem" VALUES ('cmmpycxoo0005xav73z3zvccp', 'BI-REST-003', 'Restore portfolio metrics and inventory-facing portal views', 'done', 'portfolio', 'Reconstructed from portfolio, inventory, and people/health/investment metric implementation history.', '2026-03-14 06:36:26.376', '2026-03-14 06:36:26.376', 3, NULL, 'cmmpxy9sm00fizriks6h7x17t', 'cmmpy9rzg000011nqzvc7oe8c', NULL, 1, NULL) ON CONFLICT DO NOTHING;
INSERT INTO public."BacklogItem" VALUES ('cmmpycxp10009xav7vtdvyt9p', 'BI-REST-011', 'Epic grouping, cards, and ops panel workflows', 'done', 'portfolio', 'Reconstructed from epic grouping design, EpicPanel, EpicCard, and ops page integration commits.', '2026-03-14 06:36:26.39', '2026-03-14 06:36:26.39', 2, NULL, 'cmmpxy9sm00fizriks6h7x17t', 'cmmpy9rzq000111nq9mbxakax', NULL, 1, NULL) ON CONFLICT DO NOTHING;
INSERT INTO public."BacklogItem" VALUES ('cmmpycxpa000dxav7pok9agdj', 'BI-REST-020', 'EA schema, ArchiMate notation seed, and relationship rules foundation', 'done', 'portfolio', 'Reconstructed from EA modeling foundation commits: Prisma schema, notation catalog, relationship rules, and DQ rules.', '2026-03-14 06:36:26.398', '2026-03-14 06:36:26.398', 1, NULL, 'cmmpxy9qp00cyzrik0px2i925', 'cmmpy9rzz000211nqt2g9ktoe', NULL, 1, NULL) ON CONFLICT DO NOTHING;
INSERT INTO public."BacklogItem" VALUES ('cmmpycxpc000fxav7xhh1zlpk', 'BI-REST-021', 'EA canvas views, modeling actions, and relationship editing UX', 'done', 'portfolio', 'Reconstructed from EA canvas route, React Flow components, and server action history.', '2026-03-14 06:36:26.401', '2026-03-14 06:36:26.401', 2, NULL, 'cmmpxy9sm00fizriks6h7x17t', 'cmmpy9rzz000211nqt2g9ktoe', NULL, 1, NULL) ON CONFLICT DO NOTHING;
INSERT INTO public."BacklogItem" VALUES ('cmmpycxpf000hxav7ok6tlqqp', 'BI-REST-022', 'Structured notation patterns for value streams and conformance', 'in-progress', 'portfolio', 'Track nested value-stream rendering, ordering, implied relationships, and structural conformance warnings.', '2026-03-14 06:36:26.403', '2026-03-14 06:36:26.403', 1, NULL, 'cmmpxy9sm00fizriks6h7x17t', 'cmmpy9rzz000211nqt2g9ktoe', NULL, 1, NULL) ON CONFLICT DO NOTHING;
INSERT INTO public."BacklogItem" VALUES ('cmmpycxph000jxav7nrzrlcx4', 'BI-REST-030', 'IT4IT reference model registry, import, and portfolio assessment foundation', 'done', 'portfolio', 'Reconstructed from EA reference-model schema, IT4IT import, and portfolio-scope assessment work.', '2026-03-14 06:36:26.406', '2026-03-14 06:36:26.406', 1, NULL, 'cmmpxy9qp00cyzrik0px2i925', 'cmmpy9s04000311nqqr84wgrs', NULL, 1, NULL) ON CONFLICT DO NOTHING;
INSERT INTO public."BacklogItem" VALUES ('cmmpycxpj000lxav7w4900uob', 'BI-REST-031', 'EA reference model summary, detail, assessment, and proposal surfaces', 'done', 'portfolio', 'Reconstructed from /ea summary/detail pages and related assessment/proposal actions.', '2026-03-14 06:36:26.408', '2026-03-14 06:36:26.408', 2, NULL, 'cmmpxy9sm00fizriks6h7x17t', 'cmmpy9s04000311nqqr84wgrs', NULL, 1, NULL) ON CONFLICT DO NOTHING;
INSERT INTO public."BacklogItem" VALUES ('cmmpycxpm000nxav7lbfu6lo0', 'BI-REST-032', 'Repeatable reference architecture load into live EA models and views', 'in-progress', 'portfolio', 'Critical MVP follow-on: repo-backed reference materials must produce repeatable live EA view content, not just document records.', '2026-03-14 06:36:26.41', '2026-03-14 06:36:26.41', 1, NULL, 'cmmpxy9qp00cyzrik0px2i925', 'cmmpy9s04000311nqqr84wgrs', NULL, 1, NULL) ON CONFLICT DO NOTHING;
INSERT INTO public."BacklogItem" VALUES ('cmmpycxpo000pxav7h19w78f2', 'BI-REST-040', 'AI provider registry, spend tracking, scheduler, and provider detail pages', 'done', 'portfolio', 'Reconstructed from Phase 7A provider registry implementation history.', '2026-03-14 06:36:26.412', '2026-03-14 06:36:26.412', 1, NULL, 'cmmpxy9qp00cyzrik0px2i925', 'cmmpy9s08000411nqwi7okyzx', NULL, 1, NULL) ON CONFLICT DO NOTHING;
INSERT INTO public."BacklogItem" VALUES ('cmmpycxpq000rxav7j0vl8zcb', 'BI-REST-041', 'Expanded providers, OAuth, dynamic model discovery, and model profiling', 'done', 'portfolio', 'Reconstructed from Phase 7B expanded provider work and profiling commits.', '2026-03-14 06:36:26.414', '2026-03-14 06:36:26.414', 2, NULL, 'cmmpxy9qp00cyzrik0px2i925', 'cmmpy9s08000411nqwi7okyzx', NULL, 1, NULL) ON CONFLICT DO NOTHING;
INSERT INTO public."BacklogItem" VALUES ('cmmpycxpu000vxav7uyrs5em3', 'BI-REST-050', 'Route-aware agent routing and persistent coworker thread/message model', 'done', 'portfolio', 'Reconstructed from agent routing, message schema, and coworker server action commits.', '2026-03-14 06:36:26.419', '2026-03-14 06:36:26.419', 1, NULL, 'cmmpxy9i6002yzrik2cnbas6m', 'cmmpy9s0c000511nqpp90acyt', NULL, 1, NULL) ON CONFLICT DO NOTHING;
INSERT INTO public."BacklogItem" VALUES ('cmmpycxpx000xxav7ytuss8f4', 'BI-REST-051', 'Shell-integrated AI coworker panel and header toggle UX', 'done', 'portfolio', 'Reconstructed from coworker panel component and shell/header integration commits.', '2026-03-14 06:36:26.422', '2026-03-14 06:36:26.422', 2, NULL, 'cmmpxy9i6002yzrik2cnbas6m', 'cmmpy9s0c000511nqpp90acyt', NULL, 1, NULL) ON CONFLICT DO NOTHING;
INSERT INTO public."BacklogItem" VALUES ('cmmpycxq20011xav7s1h8ifja', 'BI-REST-060', 'Governance overlay schema and bootstrap reference defaults', 'in-progress', 'portfolio', 'Reconstructed from team, ownership, capability-class, policy-class, and delegation-grant schema/design work.', '2026-03-14 06:36:26.426', '2026-03-14 06:36:26.426', 1, NULL, 'cmmpxy9qp00cyzrik0px2i925', 'cmmpy9s0g000611nqxtc86284', NULL, 1, NULL) ON CONFLICT DO NOTHING;
INSERT INTO public."BacklogItem" VALUES ('cmmpycxq40013xav76y3n5c2l', 'BI-REST-061', 'Principal context and governed action resolver', 'in-progress', 'portfolio', 'Track runtime authority resolution from user, team, agent, and grant context.', '2026-03-14 06:36:26.428', '2026-03-14 06:36:26.428', 2, NULL, 'cmmpxy9i6002yzrik2cnbas6m', 'cmmpy9s0g000611nqxtc86284', NULL, 1, NULL) ON CONFLICT DO NOTHING;
INSERT INTO public."BacklogItem" VALUES ('cmmpycxq60015xav7h7khp0mu', 'BI-REST-062', 'Delegation grants and governance visibility in platform and agent registry', 'in-progress', 'portfolio', 'Track grant workflows, audit logging, and governance visibility surfaces in /platform and /ea/agents.', '2026-03-14 06:36:26.43', '2026-03-14 06:36:26.43', 3, NULL, 'cmmpxy9qp00cyzrik0px2i925', 'cmmpy9s0g000611nqxtc86284', NULL, 1, NULL) ON CONFLICT DO NOTHING;
INSERT INTO public."BacklogItem" VALUES ('cmmpycxq80017xav7n841botf', 'BI-REST-070', 'Bootstrap discovery schema and normalized inventory foundation', 'in-progress', 'portfolio', 'Reconstructed from discovery models, identity keys, and normalization plan/history.', '2026-03-14 06:36:26.433', '2026-03-14 06:36:26.433', 1, NULL, 'cmmpxy9qp00cyzrik0px2i925', 'cmmpy9s0k000711nqlpgehpz6', NULL, 1, NULL) ON CONFLICT DO NOTHING;
INSERT INTO public."BacklogItem" VALUES ('cmmpycxqc0019xav7jtvujfpm', 'BI-REST-071', 'Local host, Docker, and Kubernetes collectors with graph projection', 'in-progress', 'portfolio', 'Track collector execution, normalized persistence, and Neo4j projection path.', '2026-03-14 06:36:26.437', '2026-03-14 06:36:26.437', 2, NULL, 'cmmpxy9qp00cyzrik0px2i925', 'cmmpy9s0k000711nqlpgehpz6', NULL, 1, NULL) ON CONFLICT DO NOTHING;
INSERT INTO public."BacklogItem" VALUES ('cmmpycxqf001bxav7t88tal7y', 'BI-REST-072', 'Automatic startup bootstrap and inventory quality surfacing', 'in-progress', 'portfolio', 'Track automatic bootstrap trigger plus unresolved/stale quality surfacing in inventory views.', '2026-03-14 06:36:26.439', '2026-03-14 06:36:26.439', 3, NULL, 'cmmpxy9qp00cyzrik0px2i925', 'cmmpy9s0k000711nqlpgehpz6', NULL, 1, NULL) ON CONFLICT DO NOTHING;
INSERT INTO public."BacklogItem" VALUES ('cmmpycxps000txav7vblx011p', 'BI-REST-042', 'Local AI OOTB with Docker and Ollama', 'done', 'portfolio', 'Track out-of-the-box local AI provider support and its tie-in to the provider platform experience.', '2026-03-14 06:36:26.416', '2026-03-14 14:40:50.503', 3, NULL, 'cmmpxy9qp00cyzrik0px2i925', 'cmmpy9s08000411nqwi7okyzx', NULL, 1, NULL) ON CONFLICT DO NOTHING;
INSERT INTO public."BacklogItem" VALUES ('cmmpycxpz000zxav7uhrrotex', 'BI-REST-052', 'Governed portal task execution and contextual agent assignment', 'done', 'portfolio', 'Track the next step: coworker actions governed by human authority, route context, and agent capability fit.', '2026-03-14 06:36:26.424', '2026-03-14 14:40:50.516', 1, NULL, 'cmmpxy9i6002yzrik2cnbas6m', 'cmmpy9s0c000511nqpp90acyt', NULL, 1, NULL) ON CONFLICT DO NOTHING;
INSERT INTO public."BacklogItem" VALUES ('cmmpym6mk000hwybjyg4uvnyx', 'BI-PROD-004', 'Add a resilient theme option library with branding presets from 10+ companies', 'open', 'product', 'Branding source references:
- ServiceNow
- TeamLogicIT
- The Open Group
- state of TX
- Rudys
- Buccees
- Great Clips
- Dunkin'' Donuts
- Floyds Glass Co.
- Atlassian
- Adobe

Acceptance criteria:
- Theme presets are stored as structured JSON with palette, typography, spacing, and radius variables.
- Users can switch themes at runtime and see immediate, consistent UI updates.
- The application has graceful fallback defaults if a preset is missing one or more tokens.
- Presets render correctly in dark and light modes where supported.
- Preset selection is persisted per user and applied on next login.
- New preset files can be added without code changes to core theme logic.', '2026-03-14 06:43:37.868', '2026-03-14 06:43:37.868', 4, 'cmmpym6lw0001wybjrz1abyry', 'cmmpxy9sm00fizriks6h7x17t', 'cmmpy9s0o000811nqg8rwwmyf', NULL, 1, NULL) ON CONFLICT DO NOTHING;
INSERT INTO public."BacklogItem" VALUES ('cmmpym6mn000jwybjjg0fkw1m', 'BI-PROD-005', 'Define theme token schema and preset packaging contract', 'open', 'product', 'Scope:
- Define a versioned JSON contract for theme presets (palette, typography, spacing, radius, shadows, surfaces, states).
- Add validation to ensure required tokens exist before publish.
- Store presets in a repo/config path and load through shared runtime service.
- Provide migration path for old presets.

Acceptance criteria:
- Contract is documented and versioned (v1+).
- CI validation rejects malformed preset objects.
- No hard-coded theme constants remain outside preset source.', '2026-03-14 06:43:37.872', '2026-03-14 06:43:37.872', 5, 'cmmpym6lw0001wybjrz1abyry', 'cmmpxy9sm00fizriks6h7x17t', 'cmmpy9s0o000811nqg8rwwmyf', NULL, 1, NULL) ON CONFLICT DO NOTHING;
INSERT INTO public."BacklogItem" VALUES ('cmmpym6mr000lwybj13acptda', 'BI-PROD-006', 'Implement theme provider and runtime theme switching', 'open', 'product', 'Scope:
- Add a centralized ThemeProvider for app-wide CSS variable injection.
- Render immediate switch between presets without full-page refresh.
- Support both light and dark mode variants for every preset where available.

Acceptance criteria:
- Changing preset updates key surfaces within <300ms in normal conditions.
- Preset fallbacks apply automatically on missing tokens.
- No visual regression on default app pages.', '2026-03-14 06:43:37.875', '2026-03-14 06:43:37.875', 6, 'cmmpym6lw0001wybjrz1abyry', 'cmmpxy9sm00fizriks6h7x17t', 'cmmpy9s0o000811nqg8rwwmyf', NULL, 1, NULL) ON CONFLICT DO NOTHING;
INSERT INTO public."BacklogItem" VALUES ('cmmpym6mt000nwybj52i6t9wg', 'BI-PROD-007', 'Persist theme preference per user and add admin preset management', 'open', 'product', 'Scope:
- Persist selected preset to user profile and restore on login.
- Add admin UI/API to preview and enable/disable preset availability.
- Add governance metadata (owner, approval, enabled, deprecation date).

Acceptance criteria:
- User selection is recovered after refresh and across sessions.
- Admin can toggle preset visibility without redeploy.
- Deactivated preset is never selectable by regular users.', '2026-03-14 06:43:37.877', '2026-03-14 06:43:37.877', 7, 'cmmpym6lw0001wybjrz1abyry', 'cmmpxy9sm00fizriks6h7x17t', 'cmmpy9s0o000811nqg8rwwmyf', NULL, 1, NULL) ON CONFLICT DO NOTHING;
INSERT INTO public."BacklogItem" VALUES ('cmmpym6mv000pwybjlh8am4hw', 'BI-PROD-008', 'AI co-worker branding setup from admin prompt or website URL', 'open', 'product', 'Scope:
- Add an admin action where a user can provide either plain-language branding instructions or a public website URL.
- Route that request through the co-worker layer to generate a draft branding configuration.
- Populate theme tokens, logo candidates, and metadata with confidence indicators.
- Keep a human-in-the-loop approval step before publishing any generated branding profile.

Acceptance criteria:
- Admin can submit either free-text instructions or URL input from the admin page.
- Generated branding draft includes primary/secondary colors, accent, and logo recommendation.
- Admin can review, edit, and approve the generated draft before it becomes active.
- Rejected drafts remain saved with traceability for later revision.', '2026-03-14 06:43:37.879', '2026-03-14 06:43:37.879', 8, 'cmmpym6lw0001wybjrz1abyry', 'cmmpxy9sm00fizriks6h7x17t', 'cmmpy9s0o000811nqg8rwwmyf', NULL, 1, NULL) ON CONFLICT DO NOTHING;
INSERT INTO public."BacklogItem" VALUES ('cmmpym6mx000rwybjdkvict21', 'BI-PROD-009', 'Define dark-theme contrast standards — WCAG AA minimums for dark backgrounds', 'done', 'product', 'Document colour contrast requirements: 4.5:1 for normal text, 3:1 for large text against #0f0f1a and #1a1a2e surfaces. Establish token palette: --dpf-muted (#8888a0, ~5:1), labels (#c0c0d8, ~7:1), secondary (#b0b0c8, ~6:1). No text may use colours below 4.5:1 on dark surfaces.', '2026-03-14 06:43:37.882', '2026-03-14 06:43:37.882', 1, 'cmmpym6lw0001wybjrz1abyry', NULL, 'cmmpy9s0s000911nqh718anko', NULL, 1, NULL) ON CONFLICT DO NOTHING;
INSERT INTO public."BacklogItem" VALUES ('cmmpym6n0000twybj6klgpf8p', 'BI-PROD-010', 'Establish minimum font-size policy — 10px floor for all UI text', 'done', 'product', 'Audit all inline styles and Tailwind classes. No text element may be smaller than 10px. Form labels: 12px minimum. Form inputs and buttons: 13px minimum. Document in CLAUDE.md and component guidelines.', '2026-03-14 06:43:37.884', '2026-03-14 06:43:37.884', 2, 'cmmpym6lw0001wybjrz1abyry', NULL, 'cmmpy9s0s000911nqh718anko', NULL, 1, NULL) ON CONFLICT DO NOTHING;
INSERT INTO public."BacklogItem" VALUES ('cmmpym6n4000vwybjjygya8q0', 'BI-PROD-011', 'Audit and remediate existing admin/platform screens for contrast compliance', 'done', 'product', 'Sweep all /platform, /admin, and /ea screens. Replace any remaining #555566 with #8888a0. Bump undersized text. Verify form inputs, buttons, and labels meet the new minimums.', '2026-03-14 06:43:37.888', '2026-03-14 06:43:37.888', 3, 'cmmpym6lw0001wybjrz1abyry', NULL, 'cmmpy9s0s000911nqh718anko', NULL, 1, NULL) ON CONFLICT DO NOTHING;
INSERT INTO public."BacklogItem" VALUES ('cmmpym6n6000xwybjmwjk2glj', 'BI-PROD-012', 'Create dark-theme development guidelines for future feature work', 'open', 'product', 'Write developer-facing guidelines covering: surface hierarchy rules (bg < surface-1 < surface-2), border contrast, focus indicators, disabled-state contrast, and how to validate with contrast-checker tools. Include in onboarding docs.', '2026-03-14 06:43:37.891', '2026-03-14 06:43:37.891', 4, 'cmmpym6lw0001wybjrz1abyry', NULL, 'cmmpy9s0s000911nqh718anko', NULL, 1, NULL) ON CONFLICT DO NOTHING;
INSERT INTO public."BacklogItem" VALUES ('cmmpym6n9000zwybj56iz3j3z', 'BI-PROD-013', 'Add UX Accessibility AI Agent (AGT-903) to agent registry', 'open', 'product', 'Register a cross-cutting UX accessibility agent that reviews UI work for WCAG compliance, contrast ratios, font sizing, and dark-theme usability. Agent should be invokable during code review to flag accessibility regressions.', '2026-03-14 06:43:37.893', '2026-03-14 06:43:37.893', 5, 'cmmpym6lw0001wybjrz1abyry', NULL, 'cmmpy9s0s000911nqh718anko', NULL, 1, NULL) ON CONFLICT DO NOTHING;
INSERT INTO public."BacklogItem" VALUES ('cmmpym6mi000fwybjvnamh4vv', 'BI-PROD-003', 'Phase 2B — Live Agent counts and Health metrics in portfolio panels', 'done', 'product', NULL, '2026-03-14 06:43:37.866', '2026-03-14 14:40:50.499', 3, 'cmmpym6lw0001wybjrz1abyry', 'cmmpxy9sm00fizriks6h7x17t', 'cmmpy9rzq000111nq9mbxakax', NULL, 1, NULL) ON CONFLICT DO NOTHING;
INSERT INTO public."BacklogItem" VALUES ('cmmpym6m40003wybjavisqxtw', 'BI-PORT-001', 'Establish Digital Product Factory in Manufacture and Delivery Portfolio', 'done', 'portfolio', NULL, '2026-03-14 06:43:37.852', '2026-03-14 14:40:50.477', 1, NULL, 'cmmpxy9sm00fizriks6h7x17t', 'cmmpy9rzg000011nqzvc7oe8c', NULL, 1, NULL) ON CONFLICT DO NOTHING;
INSERT INTO public."BacklogItem" VALUES ('cmmpym6m70005wybjcq3wvqha', 'BI-PORT-002', 'Implement DPPM taxonomy — 481-node portfolio ownership graph', 'done', 'portfolio', NULL, '2026-03-14 06:43:37.856', '2026-03-14 14:40:50.48', 2, NULL, 'cmmpxy9sm00fizriks6h7x17t', 'cmmpy9rzg000011nqzvc7oe8c', NULL, 1, NULL) ON CONFLICT DO NOTHING;
INSERT INTO public."BacklogItem" VALUES ('cmmpym6m90007wybjwh3u9vem', 'BI-PORT-003', 'Portfolio route — browsable portfolio tree with node detail', 'done', 'portfolio', NULL, '2026-03-14 06:43:37.858', '2026-03-14 14:40:50.483', 3, NULL, 'cmmpxy9sm00fizriks6h7x17t', 'cmmpy9rzg000011nqzvc7oe8c', NULL, 1, NULL) ON CONFLICT DO NOTHING;
INSERT INTO public."BacklogItem" VALUES ('cmmpym6mc0009wybjyonokj87', 'BI-PORT-004', 'Backlog system — portfolio and product context per IT4IT', 'in-progress', 'portfolio', NULL, '2026-03-14 06:43:37.86', '2026-03-14 14:40:50.487', 4, NULL, 'cmmpxy9sm00fizriks6h7x17t', 'cmmpy9rzq000111nq9mbxakax', NULL, 1, NULL) ON CONFLICT DO NOTHING;
INSERT INTO public."BacklogItem" VALUES ('cmmpym6me000bwybjvcfgft7z', 'BI-PROD-001', 'Phase 5A — Backlog CRUD in /ops', 'done', 'product', NULL, '2026-03-14 06:43:37.862', '2026-03-14 14:40:50.49', 1, 'cmmpym6lw0001wybjrz1abyry', 'cmmpxy9sm00fizriks6h7x17t', 'cmmpy9rzq000111nq9mbxakax', NULL, 1, NULL) ON CONFLICT DO NOTHING;
INSERT INTO public."BacklogItem" VALUES ('cmmpym6mg000dwybjrfpjdo1t', 'BI-PROD-002', 'Phase 5B — DPF self-registration as managed digital product', 'done', 'product', NULL, '2026-03-14 06:43:37.865', '2026-03-14 14:40:50.493', 2, 'cmmpym6lw0001wybjrz1abyry', 'cmmpxy9sm00fizriks6h7x17t', 'cmmpy9rzq000111nq9mbxakax', NULL, 1, NULL) ON CONFLICT DO NOTHING;
INSERT INTO public."BacklogItem" VALUES ('cmmqfrc00000d2m58afyvpdor', 'BI-DEPLOY-001', 'Create portal Dockerfile and Docker Compose stack', 'open', 'product', 'Multi-stage Dockerfile for Next.js standalone. Compose: portal (port 3000), db (Postgres 16, volume), ollama (GPU passthrough). Auto-run Prisma migrations on startup.', '2026-03-14 14:43:31.584', '2026-03-14 14:43:31.584', 1, 'cmmpym6lw0001wybjrz1abyry', 'cmmpxy9sm00fizriks6h7x17t', 'cmmqfrbzs000b2m58r88ty7jf', NULL, 1, NULL) ON CONFLICT DO NOTHING;
INSERT INTO public."BacklogItem" VALUES ('cmmqfrc02000f2m585hw7sxnl', 'BI-DEPLOY-002', 'Build Docker API client for container management', 'open', 'product', 'Server-side module talking to Docker Engine API via /var/run/docker.sock. Scoped to Ollama container: status, start/stop/restart, pull image. Auth: manage_provider_connections.', '2026-03-14 14:43:31.586', '2026-03-14 14:43:31.586', 2, 'cmmpym6lw0001wybjrz1abyry', 'cmmpxy9sm00fizriks6h7x17t', 'cmmqfrbzs000b2m58r88ty7jf', NULL, 1, NULL) ON CONFLICT DO NOTHING;
INSERT INTO public."BacklogItem" VALUES ('cmmqfrc04000h2m58pqy45lpo', 'BI-DEPLOY-003', 'Add Ollama management UI in platform', 'open', 'product', 'New section in /platform/ai: Ollama container status, start/stop/restart buttons, model list, pull new model by name, delete model, real-time pull progress.', '2026-03-14 14:43:31.588', '2026-03-14 14:43:31.588', 3, 'cmmpym6lw0001wybjrz1abyry', 'cmmpxy9sm00fizriks6h7x17t', 'cmmqfrbzs000b2m58r88ty7jf', NULL, 1, NULL) ON CONFLICT DO NOTHING;
INSERT INTO public."BacklogItem" VALUES ('cmmqfrc05000j2m58bdflayxf', 'BI-DEPLOY-004', 'Implement host capability detection and auto-model selection', 'open', 'product', 'Detect GPU (NVIDIA runtime), RAM. Selection: CPU <8GB -> phi3:mini, CPU 16GB+ -> llama3:8b, GPU 8GB -> llama3:8b, GPU 16GB+ -> llama3:70b-q4. Store as platform config.', '2026-03-14 14:43:31.59', '2026-03-14 14:43:31.59', 4, 'cmmpym6lw0001wybjrz1abyry', 'cmmpxy9sm00fizriks6h7x17t', 'cmmqfrbzs000b2m58r88ty7jf', NULL, 1, NULL) ON CONFLICT DO NOTHING;
INSERT INTO public."BacklogItem" VALUES ('cmmqfrc08000l2m58c66c7z9s', 'BI-DEPLOY-005', 'Auto-pull default model and auto-configure provider on first startup', 'open', 'product', 'Startup: check Ollama reachable -> check models pulled -> if none, pull auto-selected -> set Ollama provider active -> set as default for agent conversations. Zero manual config.', '2026-03-14 14:43:31.592', '2026-03-14 14:43:31.592', 5, 'cmmpym6lw0001wybjrz1abyry', 'cmmpxy9sm00fizriks6h7x17t', 'cmmqfrbzs000b2m58r88ty7jf', NULL, 1, NULL) ON CONFLICT DO NOTHING;
INSERT INTO public."BacklogItem" VALUES ('cmmqfrc09000n2m58ayj6p44h', 'BI-DEPLOY-006', 'Add health check monitoring and status indicators', 'open', 'product', 'Compose health checks on all services. Portal banner when Ollama unreachable. /api/health endpoint for external monitoring.', '2026-03-14 14:43:31.594', '2026-03-14 14:43:31.594', 6, 'cmmpym6lw0001wybjrz1abyry', 'cmmpxy9sm00fizriks6h7x17t', 'cmmqfrbzs000b2m58r88ty7jf', NULL, 1, NULL) ON CONFLICT DO NOTHING;
INSERT INTO public."BacklogItem" VALUES ('cmmqfrc0i000q2m58i9hhfybv', 'BI-EXEC-001', 'Design AgentActionProposal schema', 'open', 'product', 'New Prisma migration. Model: proposalId (unique), threadId FK AgentThread, messageId FK AgentMessage, agentId, actionType enum, parameters Json, status (proposed|approved|rejected|executed|failed), proposedAt, decidedAt, decidedBy userId FK, executedAt, resultEntityId, resultError.', '2026-03-14 14:43:31.603', '2026-03-14 14:43:31.603', 1, 'cmmpym6lw0001wybjrz1abyry', 'cmmpxy9sm00fizriks6h7x17t', 'cmmqfrc0b000o2m585fpa8ska', NULL, 1, NULL) ON CONFLICT DO NOTHING;
INSERT INTO public."BacklogItem" VALUES ('cmmqfrc0k000s2m589vol7l0b', 'BI-EXEC-002', 'Build proposal creation from agent inference', 'open', 'product', 'Parse LLM tool-use responses into AgentActionProposal records. Define tool schemas: create_backlog_item, update_lifecycle, create_ea_element, etc. System prompts include available tools based on user capabilities.', '2026-03-14 14:43:31.605', '2026-03-14 14:43:31.605', 2, 'cmmpym6lw0001wybjrz1abyry', 'cmmpxy9sm00fizriks6h7x17t', 'cmmqfrc0b000o2m585fpa8ska', NULL, 1, NULL) ON CONFLICT DO NOTHING;
INSERT INTO public."BacklogItem" VALUES ('cmmqfrc0m000u2m582ajjyod7', 'BI-EXEC-003', 'Create proposal card rendering in chat UX', 'open', 'product', 'Structured content in AgentMessageBubble for messages with proposals. Card: action type label, key parameters, affected entity. Inline Approve/Reject/Edit buttons. Visual states for approved/rejected.', '2026-03-14 14:43:31.607', '2026-03-14 14:43:31.607', 3, 'cmmpym6lw0001wybjrz1abyry', 'cmmpxy9sm00fizriks6h7x17t', 'cmmqfrc0b000o2m585fpa8ska', NULL, 1, NULL) ON CONFLICT DO NOTHING;
INSERT INTO public."BacklogItem" VALUES ('cmmqfrc0o000w2m58qjwe1r1g', 'BI-EXEC-004', 'Implement proposal execution engine', 'open', 'product', 'On approval: map actionType + parameters to existing server actions (createBacklogItem, etc.). Execute with approving user auth context. Record executedAt, resultEntityId or resultError. Post confirmation in thread.', '2026-03-14 14:43:31.609', '2026-03-14 14:43:31.609', 4, 'cmmpym6lw0001wybjrz1abyry', 'cmmpxy9sm00fizriks6h7x17t', 'cmmqfrc0b000o2m585fpa8ska', NULL, 1, NULL) ON CONFLICT DO NOTHING;
INSERT INTO public."BacklogItem" VALUES ('cmmqfrc0q000y2m58q69k502u', 'BI-EXEC-005', 'Wire approval events into AuthorizationDecisionLog', 'open', 'product', 'Every proposal approval/rejection writes to AuthorizationDecisionLog: actorRef (who), actionKey (what), objectRef (entity), decision, rationale. Satisfies regulated industry audit trail requirement.', '2026-03-14 14:43:31.611', '2026-03-14 14:43:31.611', 5, 'cmmpym6lw0001wybjrz1abyry', 'cmmpxy9sm00fizriks6h7x17t', 'cmmqfrc0b000o2m585fpa8ska', NULL, 1, NULL) ON CONFLICT DO NOTHING;
INSERT INTO public."BacklogItem" VALUES ('cmmqfrc0s00102m58hb2mor4t', 'BI-EXEC-006', 'Add agent action history view in platform', 'open', 'product', 'Table of AgentActionProposal records in /platform or /admin. Filter by status, agent, action type, date range. Detail view with full parameters, approval chain, execution result. Export for compliance audits.', '2026-03-14 14:43:31.612', '2026-03-14 14:43:31.612', 6, 'cmmpym6lw0001wybjrz1abyry', 'cmmpxy9sm00fizriks6h7x17t', 'cmmqfrc0b000o2m585fpa8ska', NULL, 1, NULL) ON CONFLICT DO NOTHING;
INSERT INTO public."BacklogItem" VALUES ('cmmqfrbzj00042m58a2mu4fk6', 'BI-LLM-002', 'Define agent system prompts for all 9 route agents', 'done', 'product', 'Extend RouteAgentEntry and AgentInfo types with systemPrompt field. Add prompts to ROUTE_AGENT_MAP for each of the 9 route agents describing role, capabilities, and context awareness.', '2026-03-14 14:43:31.567', '2026-03-14 23:37:55.485', 2, 'cmmpym6lw0001wybjrz1abyry', 'cmmpxy9sm00fizriks6h7x17t', 'cmmqfrbz300002m58d1u5nlkb', NULL, 1, NULL) ON CONFLICT DO NOTHING;
INSERT INTO public."BacklogItem" VALUES ('cmmqfrbzl00062m58vimxgwx6', 'BI-LLM-003', 'Add platform default provider and model selection', 'done', 'product', 'Add platform-level default provider+model config for agent conversations. Selection UI in /platform/ai with dropdown of active providers and discovered models. rankProvidersByCost (lib/ai-profiling.ts) provides auto-selection fallback.', '2026-03-14 14:43:31.569', '2026-03-14 23:37:55.489', 3, 'cmmpym6lw0001wybjrz1abyry', 'cmmpxy9sm00fizriks6h7x17t', 'cmmqfrbz300002m58d1u5nlkb', NULL, 1, NULL) ON CONFLICT DO NOTHING;
INSERT INTO public."BacklogItem" VALUES ('cmmqfrbzn00082m589b5nqy5j', 'BI-LLM-004', 'Replace canned responses with live inference in sendMessage', 'done', 'product', 'In sendMessage server action: check for active default provider, build messages array (system prompt + last 20 thread messages + user message), call callProvider, persist response. Fall back to generateCannedResponse when no provider active. Token counts logged via TokenUsage, not stored on AgentMessage.', '2026-03-14 14:43:31.571', '2026-03-14 23:37:55.492', 4, 'cmmpym6lw0001wybjrz1abyry', 'cmmpxy9sm00fizriks6h7x17t', 'cmmqfrbz300002m58d1u5nlkb', NULL, 1, NULL) ON CONFLICT DO NOTHING;
INSERT INTO public."BacklogItem" VALUES ('cmmqfrbzp000a2m58vjzdvjzf', 'BI-LLM-005', 'Wire token usage logging into inference calls', 'done', 'product', 'Extract private logTokenUsage from lib/actions/ai-providers.ts to shared module. Call after every successful inference with agentId, providerId, contextKey=coworker, token counts, and computed cost.', '2026-03-14 14:43:31.573', '2026-03-14 23:37:55.494', 5, 'cmmpym6lw0001wybjrz1abyry', 'cmmpxy9sm00fizriks6h7x17t', 'cmmqfrbz300002m58d1u5nlkb', NULL, 1, NULL) ON CONFLICT DO NOTHING;
INSERT INTO public."BacklogItem" VALUES ('cmmqun595000fh4ag0hxg1hrs', 'BI-FIN-001', 'ERPNext deployment and connector platform (multi-company, multi-entity)', 'open', 'product', 'Add platform-hosted ERPNext connector foundation with secure credential handling, connection health checks, and tenant-aware company scoping for two-business operations.', '2026-03-14 21:40:10.458', '2026-03-15 05:12:02.08', 1, 'cmmpym6lw0001wybjrz1abyry', NULL, 'cmmqun58w000dh4agr0j0v8sv', NULL, 1, NULL) ON CONFLICT DO NOTHING;
INSERT INTO public."BacklogItem" VALUES ('cmmqp7ujr000189tdmbyn2s61', 'BI-DEPLOY-008', 'First-time setup wizard guided by AI Coworker', 'open', 'product', 'After initial install, the AI Coworker (already running via Ollama) guides the user through first-time setup conversationally: company name, admin password, branding, portfolio preferences. Replaces a traditional form wizard with a natural conversation. The coworker explains each step and why it matters.', '2026-03-14 19:08:18.663', '2026-03-14 19:08:18.663', 8, 'cmmpym6lw0001wybjrz1abyry', NULL, 'cmmqfrbzs000b2m58r88ty7jf', NULL, 1, NULL) ON CONFLICT DO NOTHING;
INSERT INTO public."BacklogItem" VALUES ('cmmqp7ujw000389tdq63o5hj1', 'BI-DEPLOY-009', 'Web-hosted SaaS deployment (cloud-hosted option)', 'open', 'product', 'Cloud-hosted deployment option where users sign up and get a running instance without local installation. Local AI is optional/additive. Kubernetes or managed container deployment to a cloud provider.', '2026-03-14 19:08:18.669', '2026-03-14 19:08:18.669', 9, 'cmmpym6lw0001wybjrz1abyry', NULL, 'cmmqfrbzs000b2m58r88ty7jf', NULL, 1, NULL) ON CONFLICT DO NOTHING;
INSERT INTO public."BacklogItem" VALUES ('cmmqp7uk0000589tdoc87jxzb', 'BI-DEPLOY-010', 'Mac installer (.dmg or shell script)', 'open', 'product', 'Extend the zero-prerequisites installer to macOS. Detect and install Docker Desktop for Mac, handle Apple Silicon vs Intel, same guided experience as Windows.', '2026-03-14 19:08:18.672', '2026-03-14 19:08:18.672', 10, 'cmmpym6lw0001wybjrz1abyry', NULL, 'cmmqfrbzs000b2m58r88ty7jf', NULL, 1, NULL) ON CONFLICT DO NOTHING;
INSERT INTO public."BacklogItem" VALUES ('cmmqp7uk2000789tduzuvpp69', 'BI-DEPLOY-011', 'Linux installer (shell script)', 'open', 'product', 'Extend the zero-prerequisites installer to Linux. Install Docker Engine directly (no Docker Desktop needed). Support Ubuntu/Debian and RHEL/Fedora.', '2026-03-14 19:08:18.675', '2026-03-14 19:08:18.675', 11, 'cmmpym6lw0001wybjrz1abyry', NULL, 'cmmqfrbzs000b2m58r88ty7jf', NULL, 1, NULL) ON CONFLICT DO NOTHING;
INSERT INTO public."BacklogItem" VALUES ('cmmqpm5np0002tz6220e8kapy', 'BI-SELFDEV-001', 'Code generation agent with sandboxed execution environment', 'open', 'product', 'Agent can generate code (components, server actions, schema changes) in a sandboxed environment. Preview changes before they affect the running platform. Requires container-based build/test isolation.', '2026-03-14 19:19:26.245', '2026-03-14 19:19:26.245', 1, 'cmmpym6lw0001wybjrz1abyry', NULL, 'cmmqpm5na0000tz62vw4tl0sm', NULL, 1, NULL) ON CONFLICT DO NOTHING;
INSERT INTO public."BacklogItem" VALUES ('cmmqpm5nu0004tz62rmokd7ux', 'BI-SELFDEV-002', 'Visual feature builder for non-developers', 'open', 'product', 'Conversational interface where a business user describes what they need ("I need a customer feedback form") and the AI agent builds it. User sees a preview, approves, and it goes live. No code knowledge required.', '2026-03-14 19:19:26.25', '2026-03-14 19:19:26.25', 2, 'cmmpym6lw0001wybjrz1abyry', NULL, 'cmmqpm5na0000tz62vw4tl0sm', NULL, 1, NULL) ON CONFLICT DO NOTHING;
INSERT INTO public."BacklogItem" VALUES ('cmmqpm5nx0006tz62d3eub7wj', 'BI-SELFDEV-003', 'Governed code deployment pipeline with HITL approval', 'open', 'product', 'Code changes proposed by agents go through the same HITL governance as data changes (EP-AGENT-EXEC-001). Diff review, automated tests, human approval before merge. Audit trail for compliance.', '2026-03-14 19:19:26.254', '2026-03-14 19:19:26.254', 3, 'cmmpym6lw0001wybjrz1abyry', NULL, 'cmmqpm5na0000tz62vw4tl0sm', NULL, 1, NULL) ON CONFLICT DO NOTHING;
INSERT INTO public."BacklogItem" VALUES ('cmmqun5840002h4agy8jxwqwh', 'BI-WF-001', 'Unified workforce view showing humans and AI agents together', 'open', 'product', 'Transform /employee from a role registry into a workforce dashboard. Show human roles with headcount alongside AI agents with tier/capability. Each portfolio shows its combined workforce: human FTEs + agent capacity.', '2026-03-14 21:40:10.42', '2026-03-14 21:40:10.42', 1, 'cmmpym6lw0001wybjrz1abyry', NULL, 'cmmqun57h0000h4agvwv322bn', NULL, 1, NULL) ON CONFLICT DO NOTHING;
INSERT INTO public."BacklogItem" VALUES ('cmmqun58a0004h4aguur0lzkc', 'BI-WF-002', 'ADP autonomy levels on agent profiles (A1-A5)', 'open', 'product', 'Adopt OpenAgentGovernance ADP vocabulary. Add adpAutonomyLevel (A1 fully supervised through A5 fully autonomous) and adpDecisionType (D1 operational through D4 self-modification) to agent registry. Positions platform for EU AI Act compliance.', '2026-03-14 21:40:10.426', '2026-03-14 21:40:10.426', 2, 'cmmpym6lw0001wybjrz1abyry', NULL, 'cmmqun57h0000h4agvwv322bn', NULL, 1, NULL) ON CONFLICT DO NOTHING;
INSERT INTO public."BacklogItem" VALUES ('cmmqun58f0006h4aggfqdcsxb', 'BI-WF-003', 'RACI-A responsibility matrix per capability', 'open', 'product', 'For each CapabilityKey, show which human role is Accountable (always human, never agent), which agents Execute, which roles are Consulted and Informed. Surface in governance and employee views.', '2026-03-14 21:40:10.432', '2026-03-14 21:40:10.432', 3, 'cmmpym6lw0001wybjrz1abyry', NULL, 'cmmqun57h0000h4agvwv322bn', NULL, 1, NULL) ON CONFLICT DO NOTHING;
INSERT INTO public."BacklogItem" VALUES ('cmmqun58j0008h4agxxb9fuqm', 'BI-WF-004', 'Escalation chain: handoff-to-human and cross-agent referral', 'open', 'product', 'Add two new escalation outcomes to governance-resolver: escalate_to_human (agent confidence too low) and handoff_to_agent (cross-specialist referral with context transfer). New EscalationRecord model.', '2026-03-14 21:40:10.435', '2026-03-14 21:40:10.435', 4, 'cmmpym6lw0001wybjrz1abyry', NULL, 'cmmqun57h0000h4agvwv322bn', NULL, 1, NULL) ON CONFLICT DO NOTHING;
INSERT INTO public."BacklogItem" VALUES ('cmmqun58n000ah4ag3qpa17no', 'BI-WF-005', 'Agent skill profiles with SFIA 9 codes', 'open', 'product', 'Extend agent registry with AgentSkillProfile: sfiaSkillCode (e.g. ARCH, PROG, USEV), executionMode (autonomous/collaborative/advisory), maxRiskBand. SFIA 9 bridges human and agent skill taxonomies.', '2026-03-14 21:40:10.439', '2026-03-14 21:40:10.439', 5, 'cmmpym6lw0001wybjrz1abyry', NULL, 'cmmqun57h0000h4agvwv322bn', NULL, 1, NULL) ON CONFLICT DO NOTHING;
INSERT INTO public."BacklogItem" VALUES ('cmmqun58s000ch4agdzyjarel', 'BI-WF-006', 'Portfolio workforce capacity planning (human FTE + agent equivalent)', 'open', 'product', 'Add configurable fteEquivalentMultiplier per agent tier. Compute Effective Workforce Capacity per portfolio: human role headcount + (agent count * multiplier). Surface in portfolio health dashboard.', '2026-03-14 21:40:10.444', '2026-03-14 21:40:10.444', 6, 'cmmpym6lw0001wybjrz1abyry', NULL, 'cmmqun57h0000h4agvwv322bn', NULL, 1, NULL) ON CONFLICT DO NOTHING;
INSERT INTO public."BacklogItem" VALUES ('cmmqun599000hh4ag34mxsvh5', 'BI-FIN-002', 'Procure-to-pay and vendor/AP processing', 'open', 'product', 'Implement invoice capture from ERPNext: supplier onboarding, bill entry, payment run, and tax withholding rules; include PO/expense-to-payable reconciliation where applicable.', '2026-03-14 21:40:10.462', '2026-03-15 05:12:02.08', 2, 'cmmpym6lw0001wybjrz1abyry', NULL, 'cmmqun58w000dh4agr0j0v8sv', NULL, 1, NULL) ON CONFLICT DO NOTHING;
INSERT INTO public."BacklogItem" VALUES ('cmmqpm5o00008tz62gggoa0rx', 'BI-SELFDEV-004', 'Platform self-update and version management', 'open', 'product', 'The platform can pull updates from the repository, apply migrations, install or upgrade managed runtimes, and restart itself. Every downloaded or managed runtime must register in inventory and, when employee-facing or employee-operated, create or link a DigitalProduct record in the correct for_employees portfolio context. Version rollback if something breaks. Non-technical admin can trigger updates from the platform UI.', '2026-03-14 19:19:26.257', '2026-03-15 06:02:14.577', 4, 'cmmpym6lw0001wybjrz1abyry', NULL, 'cmmqpm5na0000tz62vw4tl0sm', NULL, 1, NULL) ON CONFLICT DO NOTHING;
INSERT INTO public."BacklogItem" VALUES ('cmmqv1u1t0002jyrynyvuo26w', 'BI-QUAL-001', 'Error capture API and QualityIssue model', 'open', 'product', 'New Prisma model: QualityIssue with type (runtime_error | user_report | feedback), route context, user, timestamp, error stack/description, linked digitalProductId and portfolioId (resolved via taxonomy). Lightweight POST /api/quality/report endpoint. Client-side error boundary catches unhandled exceptions and posts automatically.', '2026-03-14 21:51:35.778', '2026-03-14 21:51:35.778', 1, 'cmmpym6lw0001wybjrz1abyry', NULL, 'cmmqv1u170000jyryahuavh95', NULL, 1, NULL) ON CONFLICT DO NOTHING;
INSERT INTO public."BacklogItem" VALUES ('cmmqv1u210004jyry85mz7dnr', 'BI-QUAL-002', 'Replace red toast with platform-aware error notification', 'open', 'product', 'Custom Next.js error boundary that captures the error, posts to the quality API, and shows a user-friendly notification: Something went wrong. The platform team has been notified. Include the route, timestamp, and responsible owner name.', '2026-03-14 21:51:35.785', '2026-03-14 21:51:35.785', 2, 'cmmpym6lw0001wybjrz1abyry', NULL, 'cmmqv1u170000jyryahuavh95', NULL, 1, NULL) ON CONFLICT DO NOTHING;
INSERT INTO public."BacklogItem" VALUES ('cmmqv1u240006jyry0rdyz6uk', 'BI-QUAL-003', 'Feedback button on every page', 'open', 'product', 'Persistent feedback trigger (small icon near the AI Coworker FAB or in the footer). Opens a lightweight form: type (bug/suggestion/question), description, optional screenshot. Posts to the same QualityIssue model. Route context and user auto-populated.', '2026-03-14 21:51:35.789', '2026-03-14 21:51:35.789', 3, 'cmmpym6lw0001wybjrz1abyry', NULL, 'cmmqv1u170000jyryahuavh95', NULL, 1, NULL) ON CONFLICT DO NOTHING;
INSERT INTO public."BacklogItem" VALUES ('cmmqv1u280008jyry4dge1a1i', 'BI-QUAL-004', 'AI co-worker error detection and assisted reporting', 'open', 'product', 'When a runtime error occurs, the AI co-worker detects it and offers to help: I noticed an error. Would you like me to report it with context? Agent captures route, recent actions, error details and creates a structured QualityIssue with richer context than manual report.', '2026-03-14 21:51:35.793', '2026-03-14 21:51:35.793', 4, 'cmmpym6lw0001wybjrz1abyry', NULL, 'cmmqv1u170000jyryahuavh95', NULL, 1, NULL) ON CONFLICT DO NOTHING;
INSERT INTO public."BacklogItem" VALUES ('cmmqv1u2d000ajyry679whj5w', 'BI-QUAL-005', 'Quality dashboard for product owners', 'open', 'product', 'Route owners (resolved via taxonomy -> portfolio -> owner role) see a quality dashboard: open issues, error trends, user feedback for their products. Filterable by type, severity, date range. Surface in portfolio and ops views alongside backlog items.', '2026-03-14 21:51:35.798', '2026-03-14 21:51:35.798', 5, 'cmmpym6lw0001wybjrz1abyry', NULL, 'cmmqv1u170000jyryahuavh95', NULL, 1, NULL) ON CONFLICT DO NOTHING;
INSERT INTO public."BacklogItem" VALUES ('cmmqv1u2i000cjyryc790qp0o', 'BI-QUAL-006', 'Auto-link errors to digital product via route-to-taxonomy mapping', 'open', 'product', 'Map routes to digital products via existing taxonomy structure. Error on /ea/views/123 resolves to EA portfolio, finds owning digital product, attributes QualityIssue. Responsible employee (portfolio owner role) is notified.', '2026-03-14 21:51:35.802', '2026-03-14 21:51:35.802', 6, 'cmmpym6lw0001wybjrz1abyry', NULL, 'cmmqv1u170000jyryahuavh95', NULL, 1, NULL) ON CONFLICT DO NOTHING;
INSERT INTO public."BacklogItem" VALUES ('cmmqvou4c0001118xw8e21s92', 'BI-REST-063', 'Add optional SMS delivery adapter for password recovery', 'open', 'portfolio', 'Extend the token-based password reset workflow with an optional SMS delivery channel behind a provider adapter. Keep email and admin-issued manual recovery as the primary MVP paths. SMS must be explicitly configured, use one-time expiring tokens, preserve neutral user messaging, and support future provider-backed delivery, audit, phone verification, consent, and rate limiting. Evaluate provider cost and compliance requirements before enabling beyond local test environments.', '2026-03-14 22:09:28.956', '2026-03-14 22:09:28.956', 4, NULL, NULL, 'cmmpy9s0g000611nqxtc86284', NULL, 1, NULL) ON CONFLICT DO NOTHING;
INSERT INTO public."BacklogItem" VALUES ('cmmqw4x0e0001wszude2hs67f', 'BI-LLM-006', 'Make coworker threads page-scoped by default', 'open', 'portfolio', 'Change the coworker conversation model so each route or UX surface gets its own thread by default. Keep route-aware agent selection aligned with route-scoped history, prevent prior-page context bleed, and preserve explicit future options for cross-page or portfolio-wide conversations when desired.', '2026-03-14 22:21:59.198', '2026-03-14 22:21:59.198', 6, NULL, NULL, 'cmmqfrbz300002m58d1u5nlkb', NULL, 1, NULL) ON CONFLICT DO NOTHING;
INSERT INTO public."BacklogItem" VALUES ('cmmqw4x280003wszu93893262', 'BI-LLM-007', 'Add clear conversation control to coworker dialog', 'open', 'portfolio', 'Add a visible erase or clear control to the coworker panel so a user can reset the current conversation for the active page. The action should clear or archive only the current page-scoped thread, preserve audit expectations for future governance needs, and reset the panel to an empty starting state.', '2026-03-14 22:21:59.264', '2026-03-14 22:21:59.264', 7, NULL, NULL, 'cmmqfrbz300002m58d1u5nlkb', NULL, 1, NULL) ON CONFLICT DO NOTHING;
INSERT INTO public."BacklogItem" VALUES ('cmmqfrbzf00022m5871s77w5c', 'BI-LLM-001', 'Build callProvider generalized inference function', 'done', 'product', 'Extract the private callProviderForProfiling from lib/actions/ai-providers.ts into a shared lib/ai-inference.ts module. Generalize into callProvider(providerId, modelId, messages[], systemPrompt) supporting multi-turn chat. Return { content, inputTokens, outputTokens, inferenceMs }.', '2026-03-14 14:43:31.564', '2026-03-14 23:37:55.41', 1, 'cmmpym6lw0001wybjrz1abyry', 'cmmpxy9sm00fizriks6h7x17t', 'cmmqfrbz300002m58d1u5nlkb', NULL, 1, NULL) ON CONFLICT DO NOTHING;
INSERT INTO public."BacklogItem" VALUES ('cmmr2z8gm000ed41s7ignmn4k', 'BI-69947C18', 'Live test of MCP', 'open', 'product', 'We just implemented this, need to make sure it works.', '2026-03-15 01:33:31.414', '2026-03-15 01:33:31.414', NULL, NULL, NULL, NULL, NULL, 1, NULL) ON CONFLICT DO NOTHING;
INSERT INTO public."BacklogItem" VALUES ('cmmqun59d000jh4agcw4vx0sx', 'BI-FIN-003', 'Order-to-cash and receivables', 'open', 'product', 'Integrate customer onboarding, sales orders, invoices, credit handling, customer payments, and unapplied cash handling in ERPNext using event-driven updates from platform purchases and trainer subscriptions.', '2026-03-14 21:40:10.465', '2026-03-15 05:12:02.08', 3, 'cmmpym6lw0001wybjrz1abyry', NULL, 'cmmqun58w000dh4agr0j0v8sv', NULL, 1, NULL) ON CONFLICT DO NOTHING;
INSERT INTO public."BacklogItem" VALUES ('cmmqun59h000lh4agixck21j0', 'BI-FIN-004', 'Payroll + statutory compliance pipeline', 'open', 'product', 'Implement payroll source data, earnings rules, deduction profiles, and payroll run export/import between platform workforce states and ERPNext payroll with audit traceability by business.', '2026-03-14 21:40:10.47', '2026-03-15 05:12:02.08', 4, 'cmmpym6lw0001wybjrz1abyry', NULL, 'cmmqun58w000dh4agr0j0v8sv', NULL, 1, NULL) ON CONFLICT DO NOTHING;
INSERT INTO public."BacklogItem" VALUES ('cmmqun59k000nh4agqbovwe0q', 'BI-FIN-005', 'Tax calculation and compliance reporting', 'open', 'product', 'Capture tax jurisdictions, tax codes, tax posting, and compliance summaries to support local filings and variance review dashboards by business portfolio.', '2026-03-14 21:40:10.473', '2026-03-15 05:12:02.08', 5, 'cmmpym6lw0001wybjrz1abyry', NULL, 'cmmqun58w000dh4agr0j0v8sv', NULL, 1, NULL) ON CONFLICT DO NOTHING;
INSERT INTO public."BacklogItem" VALUES ('cmmrzjncl0005ksrtp0qg6nwj', 'BI-EMPWS-005', 'Add employee-facing request and status framework', 'in-progress', 'product', 'Provide a reusable pattern for employees to request services, submit information, track status, and see outcomes from provider teams, starting with finance and expanding to other internal functions.', '2026-03-15 16:45:11.541', '2026-03-15 17:23:45.103', NULL, NULL, NULL, 'cmmrzjncl0000ksrteph6xcx4', NULL, 1, NULL) ON CONFLICT DO NOTHING;
INSERT INTO public."BacklogItem" VALUES ('cmmrzjncl0003ksrty53gbplv', 'BI-EMPWS-003', 'Establish cross-functional handoff and approval model', 'in-progress', 'product', 'Support employees interfacing with each other through approvals, assignments, task handoffs, request ownership, and status updates across functions such as finance, HR, operations, and customer support.', '2026-03-15 16:45:11.541', '2026-03-15 17:33:24.838', NULL, NULL, NULL, 'cmmrzjncl0000ksrteph6xcx4', NULL, 1, NULL) ON CONFLICT DO NOTHING;
INSERT INTO public."BacklogItem" VALUES ('cmmqn56ur0001h7wvch92nu7i', 'BI-DEPLOY-007', 'Model selection, load-time UX, and hardware-optimized defaults', 'open', 'product', 'CRITICAL: The installer must select the largest model the hardware can support, not the smallest safe option.

Model selection matrix (revised):
- < 8 GB RAM, no GPU: qwen3:0.6b (~400MB)
- 8-16 GB RAM, no GPU: qwen3:1.7b (~1.4GB)
- 16+ GB RAM, no GPU: qwen3:8b (~5GB)
- GPU 4-8 GB VRAM: qwen3:8b (~5GB)
- GPU 8-16 GB VRAM: 14B class model
- GPU 16+ GB VRAM: largest available (20B+)

The installer detects GPU VRAM and selects accordingly. The selected model is pulled during install and set as rank 1 in provider_priority.

First-load notification: Local models take 30-90 seconds to load from disk into GPU/RAM on first use after restart. The platform must:
1. Detect when a cold-load is happening (first inference after model was unloaded)
2. Show a clear notification: "Loading AI model into memory... this takes about a minute on first use"
3. Show progress or at least an animated indicator so the user knows it is working
4. After first load, set keep_alive=-1 so the model stays in memory

The weekly optimization agent should also factor in cold-load time when ranking local providers.
Performance note: A local model that takes 80s to cold-start should not outrank a cloud provider that responds in 2s unless explicitly prioritized by the user.', '2026-03-14 18:10:15.412', '2026-03-15 03:30:53.692', 7, 'cmmpym6lw0001wybjrz1abyry', NULL, 'cmmqfrbzs000b2m58r88ty7jf', NULL, 1, NULL) ON CONFLICT DO NOTHING;
INSERT INTO public."BacklogItem" VALUES ('cmmqun59p000ph4agqzhdsg1t', 'BI-FIN-006', 'AI provider cost attribution and ledger posting', 'open', 'product', 'Create spend attribution for AI providers (models, tokens, infrastructure, subscriptions) and post periodic journal entries to ERP accounting and profitability dashboards.', '2026-03-14 21:40:10.477', '2026-03-15 05:12:02.08', 6, 'cmmpym6lw0001wybjrz1abyry', NULL, 'cmmqun58w000dh4agr0j0v8sv', NULL, 1, NULL) ON CONFLICT DO NOTHING;
INSERT INTO public."BacklogItem" VALUES ('3dbd9b09-9dfd-4dd7-8f35-e4147ac6bd05', 'BI-FIN-011', 'Vendor and customer master reconciliation', 'open', 'product', 'Implement canonical matching and enrichment rules for duplicate parties, tax IDs, payment terms, and default ledgers across businesses.', '2026-03-15 05:12:02.08', '2026-03-15 05:12:02.08', 11, NULL, NULL, 'cmmqun58w000dh4agr0j0v8sv', NULL, 1, NULL) ON CONFLICT DO NOTHING;
INSERT INTO public."BacklogItem" VALUES ('2ab60d4f-7df0-4d31-98dc-d7a89aa5beff', 'BI-FIN-012', 'Dispute and adjustment handling', 'open', 'product', 'Implement credit note, chargeback, refund, discount, and write-off workflows with audit trail and full link back to order/payment records.', '2026-03-15 05:12:02.08', '2026-03-15 05:12:02.08', 12, NULL, NULL, 'cmmqun58w000dh4agr0j0v8sv', NULL, 1, NULL) ON CONFLICT DO NOTHING;
INSERT INTO public."BacklogItem" VALUES ('e091ef8b-6518-4f8d-b3d9-4f68ca23fc27', 'BI-FIN-010', 'Finance governance and reporting', 'open', 'portfolio', 'Add role-based controls, GL lock windows, approval thresholds, and finance KPIs by business and portfolio including budget-vs-actual variance and P&L summaries.', '2026-03-15 05:12:02.08', '2026-03-15 05:12:02.08', 10, NULL, NULL, 'cmmqun58w000dh4agr0j0v8sv', NULL, 1, NULL) ON CONFLICT DO NOTHING;
INSERT INTO public."BacklogItem" VALUES ('a1e635d7-3b8f-4345-ad0c-961d3f496230', 'BI-FIN-008', 'Payment-to-ledger automation', 'open', 'product', 'Handle Stripe checkout webhooks + failed/retried payment states, then create/clear ERPNext invoices, collections actions, and reconciliation snapshots.', '2026-03-15 05:12:02.08', '2026-03-15 05:12:02.08', 8, NULL, NULL, 'cmmqun58w000dh4agr0j0v8sv', NULL, 1, NULL) ON CONFLICT DO NOTHING;
INSERT INTO public."BacklogItem" VALUES ('4b21ebe6-621a-4459-9079-f3c213e1c9c6', 'BI-FIN-009', 'Finance + CRM workflow integration', 'open', 'product', 'Push qualified trainer leads, subscriptions, and payment outcomes into CRM as lifecycle stages with next-action guidance (follow-up, onboarding, refund handling).', '2026-03-15 05:12:02.08', '2026-03-15 05:12:02.08', 9, NULL, NULL, 'cmmqun58w000dh4agr0j0v8sv', NULL, 1, NULL) ON CONFLICT DO NOTHING;
INSERT INTO public."BacklogItem" VALUES ('784a48ea-e309-40cc-8094-c4badc000a53', 'BI-FIN-007', 'Trainer storefront checkout integration', 'open', 'product', 'Build product catalog/registration cart for trainers with pricing, coupons, taxes, and multi-business attribution; persist order state for finance reconciliation.', '2026-03-15 05:12:02.08', '2026-03-15 05:12:02.08', 7, NULL, NULL, 'cmmqun58w000dh4agr0j0v8sv', NULL, 1, NULL) ON CONFLICT DO NOTHING;
INSERT INTO public."BacklogItem" VALUES ('cmmrcvg5k0028af4lhi3kqd3p', 'BI-48E0C0B5', 'Student Payment and Registration Integration', 'open', 'product', 'Enable paying students to make payments and register them with the open group.', '2026-03-15 06:10:30.92', '2026-03-15 06:10:30.92', NULL, NULL, NULL, NULL, NULL, 1, NULL) ON CONFLICT DO NOTHING;
INSERT INTO public."BacklogItem" VALUES ('cmmrduwu8005waf4lrbf3mxeo', 'BI-F4C4E4C9', 'Ship: Student Payment & Registration Flow v1.0.0', 'done', 'product', 'Feature shipped via Build Studio (FB-48828798).', '2026-03-15 06:38:05.505', '2026-03-15 06:38:05.505', NULL, NULL, NULL, 'cmmrduwu6005uaf4ljun5z4i5', NULL, 1, NULL) ON CONFLICT DO NOTHING;
INSERT INTO public."BacklogItem" VALUES ('cmmrduwua005yaf4lptvy6wd6', 'BI-616DEF52', 'Gather user feedback on Student Payment & Registration Flow', 'open', 'product', 'Collect initial user feedback and file follow-up items.', '2026-03-15 06:38:05.507', '2026-03-15 06:38:05.507', NULL, NULL, NULL, 'cmmrduwu6005uaf4ljun5z4i5', NULL, 1, NULL) ON CONFLICT DO NOTHING;
INSERT INTO public."BacklogItem" VALUES ('cmmrduye80065af4l8eyu2n3o', 'BI-2FB07183', 'Ship: Student Payment & Registration Flow v1.0.0', 'done', 'product', 'Feature shipped via Build Studio (FB-48828798).', '2026-03-15 06:38:07.52', '2026-03-15 06:38:07.52', NULL, NULL, NULL, 'cmmrduye60063af4l5djqt85j', NULL, 1, NULL) ON CONFLICT DO NOTHING;
INSERT INTO public."BacklogItem" VALUES ('cmmrduye90067af4lk1j3b73i', 'BI-B45CE469', 'Gather user feedback on Student Payment & Registration Flow', 'open', 'product', 'Collect initial user feedback and file follow-up items.', '2026-03-15 06:38:07.522', '2026-03-15 06:38:07.522', NULL, NULL, NULL, 'cmmrduye60063af4l5djqt85j', NULL, 1, NULL) ON CONFLICT DO NOTHING;
INSERT INTO public."BacklogItem" VALUES ('cmmrw3dxf0002ypqaxs92exyk', 'BI-REFACTOR-001', 'Centralize provider HTTP error handling (429, 401, 5xx)', 'open', 'product', 'Extract handleProviderHttpError() utility. Currently 429 auto-disable is duplicated in callWithFailover and callProviderForProfiling. Should also cover testProviderAuth and discoverModelsInternal. One function, one place to maintain.', '2026-03-15 15:08:33.987', '2026-03-15 15:08:33.987', 1, NULL, NULL, 'cmmrw3dvt0000ypqa2x3mtoa4', NULL, 1, NULL) ON CONFLICT DO NOTHING;
INSERT INTO public."BacklogItem" VALUES ('cmmrw3dxj0004ypqawwd4l8gd', 'BI-REFACTOR-002', 'Extract common Prisma select shapes into shared constants', 'open', 'product', 'Multiple files define identical select objects for FeatureBuild, AgentMessage, etc. Extract into shared constants to reduce duplication and ensure consistency when fields are added.', '2026-03-15 15:08:33.991', '2026-03-15 15:08:33.991', 2, NULL, NULL, 'cmmrw3dvt0000ypqa2x3mtoa4', NULL, 1, NULL) ON CONFLICT DO NOTHING;
INSERT INTO public."BacklogItem" VALUES ('cmmrw3dxm0006ypqazbijccyz', 'BI-REFACTOR-003', 'Consolidate inline styles to Tailwind classes in agent components', 'open', 'product', 'AgentCoworkerPanel, AgentMessageBubble, and AgentMessageInput use inline style objects while the rest of the codebase uses Tailwind. Migrate for consistency.', '2026-03-15 15:08:33.994', '2026-03-15 15:08:33.994', 3, NULL, NULL, 'cmmrw3dvt0000ypqa2x3mtoa4', NULL, 1, NULL) ON CONFLICT DO NOTHING;
INSERT INTO public."BacklogItem" VALUES ('e91663c3-1dd8-4578-a6de-243c33424e58', 'BI-SELFDEV-005', 'Automatic runtime inventory, digital product, and deployment registration', 'open', 'product', 'Ensure install, download, upgrade, and managed-runtime flows automatically register runtimes in inventory, link or create the corresponding Digital Product, and maintain instance-level deployment records per environment. Capture observed footprint, deployment endpoints, and placeholder governance state for resource usage, license review, and pre-production controls so dev sprawl is visible before production.', '2026-03-15 06:02:14.577', '2026-03-15 15:45:08.014', 5, 'cmmpym6lw0001wybjrz1abyry', NULL, 'cmmqpm5na0000tz62vw4tl0sm', NULL, 1, NULL) ON CONFLICT DO NOTHING;
INSERT INTO public."BacklogItem" VALUES ('cmmrxeeur0000o31jpy8uitz8', 'BI-SELFDEV-006', 'Development and production deployment governance placeholders', 'open', 'portfolio', 'Create factory-managed placeholder controls for newly introduced runtimes and external services across Dev and Production. Track resource footprint, licensing basis and review state, ownership, and environment-specific deployment considerations from first introduction so governance starts during development rather than after go-live.', '2026-03-15 15:45:08.019', '2026-03-15 15:45:08.019', NULL, NULL, NULL, 'cmmqpm5na0000tz62vw4tl0sm', NULL, 1, NULL) ON CONFLICT DO NOTHING;
INSERT INTO public."BacklogItem" VALUES ('cmmrzjncl0006ksrtc9e6kjfq', 'BI-EMPWS-006', 'Map workforce roles to workspace defaults and app launches', 'in-progress', 'product', 'Use role and responsibility context to determine which workspace tiles, service cards, launch links, provider panels, and collaboration queues appear by default for each employee.', '2026-03-15 16:45:11.541', '2026-03-15 17:23:45.103', NULL, NULL, NULL, 'cmmrzjncl0000ksrteph6xcx4', NULL, 1, NULL) ON CONFLICT DO NOTHING;
INSERT INTO public."BacklogItem" VALUES ('dbc6994b-9f17-458f-a626-7bee4ff26644', 'BI-SELFDEV-007', 'Require workspace exposure metadata during runtime onboarding', 'done', 'product', 'Extend recursive build and managed runtime onboarding so every downloaded or provisioned runtime records workspace exposure, provider/consumer ownership, app launches, and governance placeholders alongside inventory and digital product registration.', '2026-03-15 16:52:49.666', '2026-03-15 17:33:24.838', 7, NULL, NULL, 'cmmqpm5na0000tz62vw4tl0sm', NULL, 1, NULL) ON CONFLICT DO NOTHING;
INSERT INTO public."BacklogItem" VALUES ('cmmrzjncl0002ksrtbkr81aqx', 'BI-EMPWS-002', 'Build role-aware default workspace sections', 'done', 'product', 'Evolve the default workspace into sections such as My Work, My Services, Services I Provide, and My Apps. Section visibility and ordering should adapt by role and active responsibilities without creating separate workspace shells.', '2026-03-15 16:45:11.541', '2026-03-15 17:33:24.838', NULL, NULL, NULL, 'cmmrzjncl0000ksrteph6xcx4', NULL, 1, NULL) ON CONFLICT DO NOTHING;
INSERT INTO public."BacklogItem" VALUES ('cmmrzjncl0004ksrt3v2o5od1', 'BI-EMPWS-004', 'Expose provider and consumer entry points for digital products', 'done', 'product', 'Each employee-facing digital product must be able to expose both consumer and provider entry points in the workspace. Finance is the first example: finance staff use provider tools while all employees access finance services through the same workspace shell.', '2026-03-15 16:45:11.541', '2026-03-15 17:33:24.838', NULL, NULL, NULL, 'cmmrzjncl0000ksrteph6xcx4', NULL, 1, NULL) ON CONFLICT DO NOTHING;
INSERT INTO public."BacklogItem" VALUES ('cmmrzjncl0001ksrtejpjxkp9', 'BI-EMPWS-001', 'Define employee interaction modes: consumer, provider, collaborator', 'done', 'portfolio', 'Model employees as people who may consume services, provide services, and collaborate across functions at the same time. The workspace must support multiple interaction modes for the same person instead of splitting departments into separate portals.', '2026-03-15 16:45:11.541', '2026-03-15 17:33:24.838', NULL, NULL, NULL, 'cmmrzjncl0000ksrteph6xcx4', NULL, 1, NULL) ON CONFLICT DO NOTHING;
INSERT INTO public."BacklogItem" VALUES ('16d069e1-2c46-495f-932e-c5dc32d3a32f', 'BI-EMPWS-007', 'Define reusable workspace exposure contract for all digital products', 'done', 'product', 'Create the platform-level contract that maps each digital product to workspace sections, interaction modes, role-based entry points, request/status patterns, and app launches so finance is the first consumer rather than a special case.', '2026-03-15 16:52:49.666', '2026-03-15 17:33:24.838', 7, NULL, NULL, 'cmmrzjncl0000ksrteph6xcx4', NULL, 1, NULL) ON CONFLICT DO NOTHING;
INSERT INTO public."BacklogItem" VALUES ('cmms2llol0001r0c7yy3uhi50', 'BI-REFACTOR-004', 'Refactor Admin page into tabbed sections', 'open', 'product', 'Admin page is getting busy — split into tabs: Users, Branding, Platform Keys, System Settings. Each tab is a focused section.', '2026-03-15 18:10:41.542', '2026-03-15 18:10:41.542', 2, NULL, NULL, 'cmmrw3dvt0000ypqa2x3mtoa4', NULL, 1, NULL) ON CONFLICT DO NOTHING;
INSERT INTO public."BacklogItem" VALUES ('fa8639d5-202b-46f5-86fc-ca9424353f27', 'BI-CAL-007', 'UpcomingStrip workspace widget', 'open', 'product', 'Create apps/web/components/calendar/UpcomingStrip.tsx — horizontal scrollable strip showing next 5-7 events for current user role. Cards: time, title, color-coded type dot, source label. "View all" links to /calendar. Empty state: "No upcoming events". Add to workspace page.tsx above tile grid.', '2026-03-15 22:47:41.87', '2026-03-15 22:47:41.87', 7, 'cmmpym6lw0001wybjrz1abyry', 'cmmpxy9sm00fizriks6h7x17t', 'eb7dcd8a-fa15-46c3-854c-811a2fab199a', NULL, 1, NULL) ON CONFLICT DO NOTHING;
INSERT INTO public."BacklogItem" VALUES ('4abb1c45-d45e-43f4-9afd-ce7ccc713b60', 'BI-CAL-015', 'Backlog: Identity management integration (future)', 'open', 'product', 'Future epic item: update calendar auth model when IdM epic lands. Delegation chains for AI coworker authority, service accounts for system events, scoped authorization beyond role-based.', '2026-03-15 22:47:41.87', '2026-03-15 22:47:41.87', 15, 'cmmpym6lw0001wybjrz1abyry', 'cmmpxy9sm00fizriks6h7x17t', 'eb7dcd8a-fa15-46c3-854c-811a2fab199a', NULL, 1, NULL) ON CONFLICT DO NOTHING;
INSERT INTO public."BacklogItem" VALUES ('d96939a7-1747-4cad-8719-3888dfba7625', 'BI-CAL-006', 'Permissions: view_calendar + manage_calendar', 'open', 'product', 'Add view_calendar (all 6 HR roles) and manage_calendar (HR-000, HR-500) to permissions.ts ROLE_CAPABILITIES. Add Calendar nav item to Header.tsx with view_calendar capability gate.', '2026-03-15 22:47:41.87', '2026-03-15 22:47:41.87', 6, 'cmmpym6lw0001wybjrz1abyry', 'cmmpxy9sm00fizriks6h7x17t', 'eb7dcd8a-fa15-46c3-854c-811a2fab199a', NULL, 1, NULL) ON CONFLICT DO NOTHING;
INSERT INTO public."BacklogItem" VALUES ('ff1e98e2-aaea-4b87-b502-e0539c33c112', 'BI-CAL-009', 'EventDetailPanel slide panel', 'open', 'product', 'Create apps/web/components/calendar/EventDetailPanel.tsx — reuses BacklogPanel slide pattern. Shows title, description, schedule, execution status, linked backlog item, creator, action payload. Create mode for new events with form validation.', '2026-03-15 22:47:41.87', '2026-03-15 22:47:41.87', 9, 'cmmpym6lw0001wybjrz1abyry', 'cmmpxy9sm00fizriks6h7x17t', 'eb7dcd8a-fa15-46c3-854c-811a2fab199a', NULL, 1, NULL) ON CONFLICT DO NOTHING;
INSERT INTO public."BacklogItem" VALUES ('33b2a562-08db-4b81-b458-830931398e81', 'BI-CAL-004', 'Calendar server actions (actions/calendar.ts)', 'open', 'product', 'Create apps/web/lib/actions/calendar.ts with "use server" actions: createCalendarEvent, updateCalendarEvent, cancelCalendarEvent, executeEventAction. Auth gates: manage_calendar for create/update/cancel, plus action-specific permission checks. Execution pipeline: create BacklogItem in-progress, execute action, update to done/failed.', '2026-03-15 22:47:41.87', '2026-03-15 22:47:41.87', 4, 'cmmpym6lw0001wybjrz1abyry', 'cmmpxy9sm00fizriks6h7x17t', 'eb7dcd8a-fa15-46c3-854c-811a2fab199a', NULL, 1, NULL) ON CONFLICT DO NOTHING;
INSERT INTO public."BacklogItem" VALUES ('efbb4ee8-4f76-45f8-8d23-f0fba1c162e8', 'BI-CAL-014', 'Backlog: Email notifications on event completion (future)', 'open', 'product', 'Future epic item: optional email to creator when an action event completes or fails. Configurable per-event. Requires email infrastructure.', '2026-03-15 22:47:41.87', '2026-03-15 22:47:41.87', 14, 'cmmpym6lw0001wybjrz1abyry', 'cmmpxy9sm00fizriks6h7x17t', 'eb7dcd8a-fa15-46c3-854c-811a2fab199a', NULL, 1, NULL) ON CONFLICT DO NOTHING;
INSERT INTO public."BacklogItem" VALUES ('d4f9a4b4-290e-4c2a-8409-707fa025d330', 'BI-CAL-013', 'Backlog: RFC 5545 RRULE parsing (future)', 'open', 'product', 'Future epic item: implement full iCal RRULE parsing for complex recurrence patterns (every MWF, first Monday of month, exclusion dates, end dates). When implemented, rrule field takes precedence over schedule field.', '2026-03-15 22:47:41.87', '2026-03-15 22:47:41.87', 13, 'cmmpym6lw0001wybjrz1abyry', 'cmmpxy9sm00fizriks6h7x17t', 'eb7dcd8a-fa15-46c3-854c-811a2fab199a', NULL, 1, NULL) ON CONFLICT DO NOTHING;
INSERT INTO public."BacklogItem" VALUES ('f8b73797-0e3a-4178-990a-cda06542cf5b', 'BI-CAL-001', 'CalendarEvent schema + migration (drop ScheduledJob)', 'open', 'product', 'Create CalendarEvent model with all fields from spec (eventId, title, eventType, source, status, startsAt/endsAt, allDay, timezone, rrule, schedule, nextRunAt, lastRunAt, actionPayload/Result, assignments, metadata). Add inverse relations on BacklogItem, Agent, User. Widen BacklogItem.type to include "calendar". Migrate existing ScheduledJob records (provider-registry-sync, provider-priority-optimizer) to CalendarEvent. Drop ScheduledJob model.', '2026-03-15 22:47:41.87', '2026-03-15 22:47:41.87', 1, 'cmmpym6lw0001wybjrz1abyry', 'cmmpxy9sm00fizriks6h7x17t', 'eb7dcd8a-fa15-46c3-854c-811a2fab199a', NULL, 1, NULL) ON CONFLICT DO NOTHING;
INSERT INTO public."BacklogItem" VALUES ('d8ca1263-b500-4034-a8b0-90106aff6252', 'BI-CAL-008', 'Full calendar route with week grid (/calendar)', 'open', 'product', 'Create apps/web/app/(shell)/calendar/layout.tsx (auth gate: view_calendar) and page.tsx (server component). Build CalendarGrid.tsx (client, CSS Grid week view with day/week/month switcher), CalendarSidebar.tsx (filters by event type, source, role), prev/next/today navigation. Events color-coded by type.', '2026-03-15 22:47:41.87', '2026-03-15 22:47:41.87', 8, 'cmmpym6lw0001wybjrz1abyry', 'cmmpxy9sm00fizriks6h7x17t', 'eb7dcd8a-fa15-46c3-854c-811a2fab199a', NULL, 1, NULL) ON CONFLICT DO NOTHING;
INSERT INTO public."BacklogItem" VALUES ('7108dc33-10bd-453f-aca6-c90c82c90c66', 'BI-CAL-003', 'Calendar data fetchers (calendar-data.ts)', 'open', 'product', 'Create apps/web/lib/calendar-data.ts with React cache fetchers: getCalendarEvents(filters), getUpcomingEvents(role, userId, limit), getEventById(eventId). Role-contextual filtering via assignedToRole + assignedToUserId. Admin (HR-000) sees all by default.', '2026-03-15 22:47:41.87', '2026-03-15 22:47:41.87', 3, 'cmmpym6lw0001wybjrz1abyry', 'cmmpxy9sm00fizriks6h7x17t', 'eb7dcd8a-fa15-46c3-854c-811a2fab199a', NULL, 1, NULL) ON CONFLICT DO NOTHING;
INSERT INTO public."BacklogItem" VALUES ('f5dec9c7-8ccd-4735-83a9-a088965840c7', 'BI-CAL-002', 'Calendar pure helpers and unit tests (calendar-types.ts)', 'open', 'product', 'Create apps/web/lib/calendar-types.ts with: EVENT_TYPE_COLOURS, STATUS_LABELS, SCHEDULE_INTERVALS_MS (moved from ai-provider-types), validateCalendarInput, computeNextRunAt, formatEventTime. Port schedule helpers from ai-provider-types.ts. Write Vitest tests in calendar-types.test.ts.', '2026-03-15 22:47:41.87', '2026-03-15 22:47:41.87', 2, 'cmmpym6lw0001wybjrz1abyry', 'cmmpxy9sm00fizriks6h7x17t', 'eb7dcd8a-fa15-46c3-854c-811a2fab199a', NULL, 1, NULL) ON CONFLICT DO NOTHING;
INSERT INTO public."BacklogItem" VALUES ('cff05c78-c39d-4d2d-a325-6f2e5bb33266', 'BI-CAL-010', 'Refactor ScheduledJobsTable to use CalendarEvent', 'open', 'product', 'Update apps/web/components/platform/ScheduledJobsTable.tsx and platform/ai/page.tsx to query CalendarEvent (source: "system", eventType: "action") instead of ScheduledJob. Same inline schedule editing UX. "disabled" toggle maps to status: cancelled/scheduled.', '2026-03-15 22:47:41.87', '2026-03-15 22:47:41.87', 10, 'cmmpym6lw0001wybjrz1abyry', 'cmmpxy9sm00fizriks6h7x17t', 'eb7dcd8a-fa15-46c3-854c-811a2fab199a', NULL, 1, NULL) ON CONFLICT DO NOTHING;
INSERT INTO public."BacklogItem" VALUES ('e9fc7339-8673-495d-a336-6320e52b4aa8', 'BI-CAL-011', 'MCP tool: calendar_manage_event', 'open', 'product', 'Expose calendar CRUD as MCP tool for AI coworker consumption. Operations: create, update, cancel, list, get. Auth: inherits user session, createdById set server-side, manage_calendar + action-specific permission checks. Filter support for list operation.', '2026-03-15 22:47:41.87', '2026-03-15 22:47:41.87', 11, 'cmmpym6lw0001wybjrz1abyry', 'cmmpxy9sm00fizriks6h7x17t', 'eb7dcd8a-fa15-46c3-854c-811a2fab199a', NULL, 1, NULL) ON CONFLICT DO NOTHING;
INSERT INTO public."BacklogItem" VALUES ('a175b50c-f39c-4ea2-8b9e-e64b605ad10b', 'BI-CAL-005', 'Migrate ScheduledJob references in AI provider code', 'open', 'product', 'Update ai-provider-types.ts (remove ScheduledJob types), ai-provider-data.ts (remove getScheduledJobs), ai-provider-priority.ts (prisma.scheduledJob -> CalendarEvent), ai-provider-internals.ts (prisma.scheduledJob.upsert -> CalendarEvent), actions/agent-coworker.ts (prisma.scheduledJob.deleteMany -> CalendarEvent), actions/ai-providers.ts (remove ScheduledJob actions, delegate to calendar).', '2026-03-15 22:47:41.87', '2026-03-15 22:47:41.87', 5, 'cmmpym6lw0001wybjrz1abyry', 'cmmpxy9sm00fizriks6h7x17t', 'eb7dcd8a-fa15-46c3-854c-811a2fab199a', NULL, 1, NULL) ON CONFLICT DO NOTHING;
INSERT INTO public."BacklogItem" VALUES ('817482f0-7b26-4ab2-a433-1921c598d288', 'BI-CAL-012', 'Seed calendar events', 'open', 'product', 'Replace seedScheduledJobs() with seedCalendarEvents() in seed.ts. Seed: EVT-provider-registry-sync (weekly action, system), EVT-provider-priority-optimizer (weekly action, system), EVT-vuln-scan-weekly (weekly action, system, no agent), sample informational event (Platform Maintenance Window).', '2026-03-15 22:47:41.87', '2026-03-15 22:47:41.87', 12, 'cmmpym6lw0001wybjrz1abyry', 'cmmpxy9sm00fizriks6h7x17t', 'eb7dcd8a-fa15-46c3-854c-811a2fab199a', NULL, 1, NULL) ON CONFLICT DO NOTHING;
INSERT INTO public."BacklogItem" VALUES ('120238a5-e3c1-4eaa-b8aa-708e5a00151a', 'BI-CAL-016', 'Backlog: Customer-facing calendar (future)', 'open', 'product', 'Future epic item: business-model-dependent customer/partner calendar. Onboarding patterns and configuration for property management fleet scheduling, student class schedules, etc. Requires CustomerAccount scoping.', '2026-03-15 22:47:41.87', '2026-03-15 22:47:41.87', 16, 'cmmpym6lw0001wybjrz1abyry', 'cmmpxy9sm00fizriks6h7x17t', 'eb7dcd8a-fa15-46c3-854c-811a2fab199a', NULL, 1, NULL) ON CONFLICT DO NOTHING;


--
-- Data for Name: EpicPortfolio; Type: TABLE DATA; Schema: public; Owner: dpf
--

INSERT INTO public."EpicPortfolio" VALUES ('cmmpy9rzg000011nqzvc7oe8c', 'cmmpxy9fl000dzrikyqw37rko') ON CONFLICT DO NOTHING;
INSERT INTO public."EpicPortfolio" VALUES ('cmmpy9rzg000011nqzvc7oe8c', 'cmmpxy9fo000ezrikj7sa0tjh') ON CONFLICT DO NOTHING;
INSERT INTO public."EpicPortfolio" VALUES ('cmmpy9rzg000011nqzvc7oe8c', 'cmmpxy9fq000fzrik44a7gt93') ON CONFLICT DO NOTHING;
INSERT INTO public."EpicPortfolio" VALUES ('cmmpy9rzg000011nqzvc7oe8c', 'cmmpxy9fs000gzrikq3zo2yyr') ON CONFLICT DO NOTHING;
INSERT INTO public."EpicPortfolio" VALUES ('cmmpy9rzq000111nq9mbxakax', 'cmmpxy9fo000ezrikj7sa0tjh') ON CONFLICT DO NOTHING;
INSERT INTO public."EpicPortfolio" VALUES ('cmmpy9rzz000211nqt2g9ktoe', 'cmmpxy9fl000dzrikyqw37rko') ON CONFLICT DO NOTHING;
INSERT INTO public."EpicPortfolio" VALUES ('cmmpy9rzz000211nqt2g9ktoe', 'cmmpxy9fo000ezrikj7sa0tjh') ON CONFLICT DO NOTHING;
INSERT INTO public."EpicPortfolio" VALUES ('cmmpy9s04000311nqqr84wgrs', 'cmmpxy9fl000dzrikyqw37rko') ON CONFLICT DO NOTHING;
INSERT INTO public."EpicPortfolio" VALUES ('cmmpy9s04000311nqqr84wgrs', 'cmmpxy9fo000ezrikj7sa0tjh') ON CONFLICT DO NOTHING;
INSERT INTO public."EpicPortfolio" VALUES ('cmmpy9s08000411nqwi7okyzx', 'cmmpxy9fl000dzrikyqw37rko') ON CONFLICT DO NOTHING;
INSERT INTO public."EpicPortfolio" VALUES ('cmmpy9s0c000511nqpp90acyt', 'cmmpxy9fq000fzrik44a7gt93') ON CONFLICT DO NOTHING;
INSERT INTO public."EpicPortfolio" VALUES ('cmmpy9s0c000511nqpp90acyt', 'cmmpxy9fo000ezrikj7sa0tjh') ON CONFLICT DO NOTHING;
INSERT INTO public."EpicPortfolio" VALUES ('cmmpy9s0g000611nqxtc86284', 'cmmpxy9fl000dzrikyqw37rko') ON CONFLICT DO NOTHING;
INSERT INTO public."EpicPortfolio" VALUES ('cmmpy9s0g000611nqxtc86284', 'cmmpxy9fq000fzrik44a7gt93') ON CONFLICT DO NOTHING;
INSERT INTO public."EpicPortfolio" VALUES ('cmmpy9s0g000611nqxtc86284', 'cmmpxy9fs000gzrikq3zo2yyr') ON CONFLICT DO NOTHING;
INSERT INTO public."EpicPortfolio" VALUES ('cmmpy9s0k000711nqlpgehpz6', 'cmmpxy9fl000dzrikyqw37rko') ON CONFLICT DO NOTHING;
INSERT INTO public."EpicPortfolio" VALUES ('cmmpy9s0o000811nqg8rwwmyf', 'cmmpxy9fo000ezrikj7sa0tjh') ON CONFLICT DO NOTHING;
INSERT INTO public."EpicPortfolio" VALUES ('cmmpy9s0s000911nqh718anko', 'cmmpxy9fo000ezrikj7sa0tjh') ON CONFLICT DO NOTHING;
INSERT INTO public."EpicPortfolio" VALUES ('cmmqfrbz300002m58d1u5nlkb', 'cmmpxy9fo000ezrikj7sa0tjh') ON CONFLICT DO NOTHING;
INSERT INTO public."EpicPortfolio" VALUES ('cmmqfrbzs000b2m58r88ty7jf', 'cmmpxy9fl000dzrikyqw37rko') ON CONFLICT DO NOTHING;
INSERT INTO public."EpicPortfolio" VALUES ('cmmqfrbzs000b2m58r88ty7jf', 'cmmpxy9fo000ezrikj7sa0tjh') ON CONFLICT DO NOTHING;
INSERT INTO public."EpicPortfolio" VALUES ('cmmqfrc0b000o2m585fpa8ska', 'cmmpxy9fo000ezrikj7sa0tjh') ON CONFLICT DO NOTHING;
INSERT INTO public."EpicPortfolio" VALUES ('cmmqfrc0b000o2m585fpa8ska', 'cmmpxy9fl000dzrikyqw37rko') ON CONFLICT DO NOTHING;
INSERT INTO public."EpicPortfolio" VALUES ('cmmqpm5na0000tz62vw4tl0sm', 'cmmpxy9fo000ezrikj7sa0tjh') ON CONFLICT DO NOTHING;
INSERT INTO public."EpicPortfolio" VALUES ('cmmqpm5na0000tz62vw4tl0sm', 'cmmpxy9fl000dzrikyqw37rko') ON CONFLICT DO NOTHING;
INSERT INTO public."EpicPortfolio" VALUES ('cmmqun57h0000h4agvwv322bn', 'cmmpxy9fo000ezrikj7sa0tjh') ON CONFLICT DO NOTHING;
INSERT INTO public."EpicPortfolio" VALUES ('cmmqun57h0000h4agvwv322bn', 'cmmpxy9fq000fzrik44a7gt93') ON CONFLICT DO NOTHING;
INSERT INTO public."EpicPortfolio" VALUES ('cmmqun57h0000h4agvwv322bn', 'cmmpxy9fl000dzrikyqw37rko') ON CONFLICT DO NOTHING;
INSERT INTO public."EpicPortfolio" VALUES ('cmmqun58w000dh4agr0j0v8sv', 'cmmpxy9fo000ezrikj7sa0tjh') ON CONFLICT DO NOTHING;
INSERT INTO public."EpicPortfolio" VALUES ('cmmqun58w000dh4agr0j0v8sv', 'cmmpxy9fl000dzrikyqw37rko') ON CONFLICT DO NOTHING;
INSERT INTO public."EpicPortfolio" VALUES ('cmmqv1u170000jyryahuavh95', 'cmmpxy9fo000ezrikj7sa0tjh') ON CONFLICT DO NOTHING;
INSERT INTO public."EpicPortfolio" VALUES ('cmmqv1u170000jyryahuavh95', 'cmmpxy9fl000dzrikyqw37rko') ON CONFLICT DO NOTHING;
INSERT INTO public."EpicPortfolio" VALUES ('cmmrw3dvt0000ypqa2x3mtoa4', 'cmmpxy9fo000ezrikj7sa0tjh') ON CONFLICT DO NOTHING;
INSERT INTO public."EpicPortfolio" VALUES ('cmmrx9st20000cjh84dczrsgi', 'cmmpxy9fo000ezrikj7sa0tjh') ON CONFLICT DO NOTHING;
INSERT INTO public."EpicPortfolio" VALUES ('cmmrx9st80001cjh8xxihpicy', 'cmmpxy9fo000ezrikj7sa0tjh') ON CONFLICT DO NOTHING;
INSERT INTO public."EpicPortfolio" VALUES ('cmmrx9std0002cjh8tcfsd2wm', 'cmmpxy9fo000ezrikj7sa0tjh') ON CONFLICT DO NOTHING;
INSERT INTO public."EpicPortfolio" VALUES ('cmmrx9sth0003cjh8w2w5pzcj', 'cmmpxy9fo000ezrikj7sa0tjh') ON CONFLICT DO NOTHING;
INSERT INTO public."EpicPortfolio" VALUES ('cmmrx9stl0004cjh8ns7ar9jp', 'cmmpxy9fo000ezrikj7sa0tjh') ON CONFLICT DO NOTHING;
INSERT INTO public."EpicPortfolio" VALUES ('cmmrxkjly00006yvptn1inga9', 'cmmpxy9fo000ezrikj7sa0tjh') ON CONFLICT DO NOTHING;
INSERT INTO public."EpicPortfolio" VALUES ('cmms3wmov0000gq0eiljpopv3', 'cmmpxy9fo000ezrikj7sa0tjh') ON CONFLICT DO NOTHING;
INSERT INTO public."EpicPortfolio" VALUES ('cmms5zoii0000148jak0lterh', 'cmmpxy9fo000ezrikj7sa0tjh') ON CONFLICT DO NOTHING;
INSERT INTO public."EpicPortfolio" VALUES ('cmms820370000trledwv0l6wd', 'cmmpxy9fo000ezrikj7sa0tjh') ON CONFLICT DO NOTHING;
INSERT INTO public."EpicPortfolio" VALUES ('eb7dcd8a-fa15-46c3-854c-811a2fab199a', 'cmmpxy9fl000dzrikyqw37rko') ON CONFLICT DO NOTHING;
INSERT INTO public."EpicPortfolio" VALUES ('eb7dcd8a-fa15-46c3-854c-811a2fab199a', 'cmmpxy9fo000ezrikj7sa0tjh') ON CONFLICT DO NOTHING;


--
-- Data for Name: ScheduledJob; Type: TABLE DATA; Schema: public; Owner: dpf
--

INSERT INTO public."ScheduledJob" VALUES ('cmmrw63n1000jet2syakd0qcf', 'provider-reenable-openai', 'Re-enable openai after quota reset', 'disabled', '2026-03-15 21:05:07.588', '2026-03-15 22:06:24.356', 'scheduled', '{
    "error": {
        "message": "You exceeded your current quota, please check your plan and billing details. For more information on this error, read the docs: https://platform.openai.com/docs/guides/error-codes/api-errors.",
        "type": "insufficient_quota",
        "param": null,
        "code": "insufficient_quota"
    }
}
', '2026-03-15 15:10:40.621', '2026-03-15 21:06:24.358') ON CONFLICT DO NOTHING;


--
-- PostgreSQL database dump complete
--

\unrestrict b0Mr2A5stkmSptblxfAzSCRABzXYw2XVojZzEHeLQ9K8FqFdqdL8TywVhEaBEJw

