number,title,createdAt,mergedAt,additions,deletions,changedFiles,url
"5053","feat(mcp): add durable one-shot task inference","2026-09-04T21:04:26Z","2026-09-04T21:53:55Z","5277","220","44","https://github.com/OpenDigitalProductFactory/opendigitalproductfactory/pull/5053"
"5052","fix(review): require complete immutable traversal","2026-09-04T19:47:30Z","2026-09-04T21:25:30Z","354","50","5","https://github.com/OpenDigitalProductFactory/opendigitalproductfactory/pull/5052"
"5051","feat: add async delivery task hub","2026-09-04T18:52:26Z","2026-09-04T19:42:06Z","3835","192","47","https://github.com/OpenDigitalProductFactory/opendigitalproductfactory/pull/5051"
"5050","fix(flow): harden adversarial control-plane recovery","2026-09-04T18:45:55Z","2026-09-04T19:09:18Z","1091","1","13","https://github.com/OpenDigitalProductFactory/opendigitalproductfactory/pull/5050"
"5049","fix(readiness): harden closed work-type profiles","2026-09-04T18:23:17Z","2026-09-04T18:46:11Z","174","73","6","https://github.com/OpenDigitalProductFactory/opendigitalproductfactory/pull/5049"
"5048","fix(readiness): preserve baseline artifact commit","2026-09-04T17:52:57Z","2026-09-04T18:16:22Z","41","6","4","https://github.com/OpenDigitalProductFactory/opendigitalproductfactory/pull/5048"
"5047","fix(governance): preserve external reviewer token scope","2026-09-04T13:21:41Z","2026-09-04T13:43:57Z","40","4","7","https://github.com/OpenDigitalProductFactory/opendigitalproductfactory/pull/5047"
"5046","feat(inference): add durable async operation lifecycle","2026-09-04T12:58:25Z","2026-09-04T13:50:15Z","6397","184","59","https://github.com/OpenDigitalProductFactory/opendigitalproductfactory/pull/5046"
"5045","fix(inference): preserve typed async operation handles","2026-09-04T11:19:16Z","2026-09-04T11:48:56Z","1012","121","16","https://github.com/OpenDigitalProductFactory/opendigitalproductfactory/pull/5045"
"5044","feat(housing): operate canonical animal occupancy","2026-09-04T11:06:45Z","2026-09-04T12:39:34Z","2729","97","32","https://github.com/OpenDigitalProductFactory/opendigitalproductfactory/pull/5044"
"5043","feat(rescue): add tenant-safe operating workspace","2026-09-04T10:37:15Z","2026-09-04T11:43:18Z","6173","1616","71","https://github.com/OpenDigitalProductFactory/opendigitalproductfactory/pull/5043"
"5042","fix(ci): tolerate bounded request-surface misses","2026-09-04T09:18:18Z","2026-09-04T09:44:00Z","239","10","4","https://github.com/OpenDigitalProductFactory/opendigitalproductfactory/pull/5042"
"5041","fix(governance): let tier-one reviewer write receipt","2026-09-04T08:52:38Z","2026-09-04T10:01:45Z","34","1","3","https://github.com/OpenDigitalProductFactory/opendigitalproductfactory/pull/5041"
"5040","fix(ux): catch copy drift and recalibrate tax baseline","2026-09-04T08:33:23Z","2026-09-04T09:14:52Z","218","4","5","https://github.com/OpenDigitalProductFactory/opendigitalproductfactory/pull/5040"
"5039","fix: isolate initiative-readiness provider transport","2026-09-04T07:14:31Z","2026-09-04T11:43:18Z","775","90","17","https://github.com/OpenDigitalProductFactory/opendigitalproductfactory/pull/5039"
"5038","docs(async): define durable MCP operation resume contract","2026-09-04T05:31:27Z","2026-09-04T09:48:47Z","185","0","2","https://github.com/OpenDigitalProductFactory/opendigitalproductfactory/pull/5038"
"5037","fix(attention): align coworker briefing with owner queue","2026-09-04T05:15:54Z","2026-09-04T05:43:44Z","274","1","4","https://github.com/OpenDigitalProductFactory/opendigitalproductfactory/pull/5037"
"5036","fix: resume approved terminal writer projections","2026-09-04T04:43:20Z","2026-09-04T10:23:03Z","309","4","7","https://github.com/OpenDigitalProductFactory/opendigitalproductfactory/pull/5036"
"5035","fix: classify all closed backlog work types","2026-09-04T04:43:13Z","2026-09-04T05:19:31Z","173","2","4","https://github.com/OpenDigitalProductFactory/opendigitalproductfactory/pull/5035"
"5034","fix: complete bound initiative review","2026-09-04T03:51:27Z","2026-09-04T04:18:21Z","86","2","5","https://github.com/OpenDigitalProductFactory/opendigitalproductfactory/pull/5034"
"5033","fix: resume exact terminal writer waits","2026-09-04T03:41:48Z","2026-09-04T04:15:45Z","531","12","4","https://github.com/OpenDigitalProductFactory/opendigitalproductfactory/pull/5033"
"5032","docs: add T3 Code source delta review","2026-09-04T02:47:07Z","2026-09-04T03:26:01Z","439","3","2","https://github.com/OpenDigitalProductFactory/opendigitalproductfactory/pull/5032"
"5031","docs: define local-first agentic delivery throughput","2026-09-04T00:52:46Z","2026-09-04T01:57:08Z","397","1","7","https://github.com/OpenDigitalProductFactory/opendigitalproductfactory/pull/5031"
"5030","fix(ai): make provider trust attention workload-relevant","2026-09-03T21:04:25Z","2026-09-03T21:31:27Z","777","78","17","https://github.com/OpenDigitalProductFactory/opendigitalproductfactory/pull/5030"
"5029","fix(delivery): park quiescent gates without polling (BI-7C1F43E3)","2026-09-03T21:00:56Z","2026-09-03T21:38:35Z","230","74","11","https://github.com/OpenDigitalProductFactory/opendigitalproductfactory/pull/5029"
"5028","fix(pet-rescue): remove final commercial cockpit copy","2026-09-03T07:38:00Z","2026-09-03T08:22:51Z","80","13","12","https://github.com/OpenDigitalProductFactory/opendigitalproductfactory/pull/5028"
"5027","fix(readiness): preserve terminal read decisions","2026-09-03T06:43:08Z","2026-09-03T07:13:32Z","320","4","5","https://github.com/OpenDigitalProductFactory/opendigitalproductfactory/pull/5027"
"5026","fix(pet-rescue): finish cockpit vocabulary reach","2026-09-03T06:29:07Z","2026-09-03T06:56:16Z","133","23","14","https://github.com/OpenDigitalProductFactory/opendigitalproductfactory/pull/5026"
"5025","fix(workrooms): complete overseer delivery closeout","2026-09-03T06:02:43Z","2026-09-03T06:53:38Z","65","20","8","https://github.com/OpenDigitalProductFactory/opendigitalproductfactory/pull/5025"
"5024","feat(identity): the platform signs its own browser in for UX verification (BI-9369DEB5)","2026-09-03T05:46:45Z","2026-09-03T07:13:32Z","784","44","15","https://github.com/OpenDigitalProductFactory/opendigitalproductfactory/pull/5024"
"5023","feat(local-ci): the host preflight honours the change scope — a docs-only diff skips only guards that declare code-only inputs (BI-8CDA7F95)","2026-09-03T05:15:09Z","2026-09-03T06:14:32Z","243","33","6","https://github.com/OpenDigitalProductFactory/opendigitalproductfactory/pull/5023"
"5022","feat(ward): the board, its capacity, and words a shelter actually uses","2026-09-03T05:13:47Z","2026-09-03T10:08:41Z","1375","51","28","https://github.com/OpenDigitalProductFactory/opendigitalproductfactory/pull/5022"
"5021","doc(workroom): coordinated workrooms — ownership, nesting, and the COO layer","2026-09-03T04:55:25Z","2026-09-03T05:31:07Z","438","0","2","https://github.com/OpenDigitalProductFactory/opendigitalproductfactory/pull/5021"
"5020","feat(storefront): adoption waiting list — every listed animal, longest wait first (BI-899D7F00)","2026-09-03T04:35:00Z","2026-09-03T11:55:48Z","1182","72","23","https://github.com/OpenDigitalProductFactory/opendigitalproductfactory/pull/5020"
"5019","fix(outcomes): finish provider and Pet Rescue closure","2026-09-03T04:12:42Z","2026-09-03T05:27:27Z","427","41","17","https://github.com/OpenDigitalProductFactory/opendigitalproductfactory/pull/5019"
"5018","fix(federation): a mirrored deferral carries its attribution, never a bare deferred (BI-9DA5F179)","2026-09-03T04:11:37Z","2026-09-03T04:44:56Z","247","11","13","https://github.com/OpenDigitalProductFactory/opendigitalproductfactory/pull/5018"
"5017","fix(local-ci): every reader of the gate record consults every slot, and a PASS retires the losing sibling record (BI-5529B5AC)","2026-09-03T03:53:07Z","2026-09-03T04:19:22Z","525","14","11","https://github.com/OpenDigitalProductFactory/opendigitalproductfactory/pull/5017"
"5016","fix(worktree): anchor the worktree base on the repository, not the caller (BI-541156EE)","2026-09-03T03:50:28Z","2026-09-03T05:23:35Z","303","2","5","https://github.com/OpenDigitalProductFactory/opendigitalproductfactory/pull/5016"
"5015","feat(workroom): enforce executable process oversight (BI-3913EB49)","2026-09-03T03:37:06Z","2026-09-03T04:05:01Z","1438","57","28","https://github.com/OpenDigitalProductFactory/opendigitalproductfactory/pull/5015"
"5014","docs(flow): bind durable wait objective coverage","2026-09-03T03:29:54Z","2026-09-03T03:50:30Z","12","0","1","https://github.com/OpenDigitalProductFactory/opendigitalproductfactory/pull/5014"
"5013","docs(review): bind BI-DE terminal-writer objectives","2026-09-03T02:38:33Z","2026-09-03T02:51:00Z","52","0","2","https://github.com/OpenDigitalProductFactory/opendigitalproductfactory/pull/5013"
"5012","doc(specs): work shapes — kernel rulings and execution readiness (BI-B5C8FEFC)","2026-09-03T01:38:18Z","2026-09-03T01:52:02Z","32","10","1","https://github.com/OpenDigitalProductFactory/opendigitalproductfactory/pull/5012"
"5011","doc(specs): delivery shape lives on the Workroom; claim asks when unclear (BI-B5C8FEFC)","2026-09-03T01:18:11Z","2026-09-03T01:32:34Z","32","6","1","https://github.com/OpenDigitalProductFactory/opendigitalproductfactory/pull/5011"
"5010","fix(federation): the work-sync marker prefilter no longer hides an owned item that mentions the marker in prose (BI-C97CE534)","2026-09-03T01:00:47Z","2026-09-03T01:47:57Z","36","9","6","https://github.com/OpenDigitalProductFactory/opendigitalproductfactory/pull/5010"
"5009","doc(specs): work-shape taxonomy with gates proportional to size and risk (BI-B5C8FEFC)","2026-09-03T00:58:47Z","2026-09-03T01:17:22Z","155","0","1","https://github.com/OpenDigitalProductFactory/opendigitalproductfactory/pull/5009"
"5008","fix(self-upgrade): the status target is the remote head, not a stale local ref (BI-4746F2A9)","2026-09-03T00:50:04Z","2026-09-03T01:17:22Z","307","48","4","https://github.com/OpenDigitalProductFactory/opendigitalproductfactory/pull/5008"
"5007","fix(federation): serve rows that have no prose — NULL column dropped 29 production epics from work sync","2026-09-03T00:48:49Z","2026-09-03T01:17:22Z","21","7","3","https://github.com/OpenDigitalProductFactory/opendigitalproductfactory/pull/5007"
"5006","fix(federation): no regex over peer-supplied or derived text in membership proof and health rollup (CodeQL js/polynomial-redos)","2026-09-02T20:59:15Z","2026-09-02T21:22:32Z","33","8","2","https://github.com/OpenDigitalProductFactory/opendigitalproductfactory/pull/5006"
"5005","feat(federation): one health sentence for backlog sync — In step / Behind by / Broken because (EP-ZERO-CONFIG-FEDERATION §5.7)","2026-09-02T20:29:11Z","2026-09-02T20:54:56Z","351","51","14","https://github.com/OpenDigitalProductFactory/opendigitalproductfactory/pull/5005"
"5004","feat(federation): membership-proof pairing — a member's organization certificate enrols it trusted, no click, no TLS overlay (EP-ZERO-CONFIG-FEDERATION §5.6)","2026-09-02T20:18:29Z","2026-09-02T20:44:31Z","1326","50","16","https://github.com/OpenDigitalProductFactory/opendigitalproductfactory/pull/5004"
"5003","fix(federation): liveness outranks age among trusted links to one peer (EP-ZERO-CONFIG-FEDERATION)","2026-09-02T20:11:30Z","2026-09-02T20:37:57Z","57","10","2","https://github.com/OpenDigitalProductFactory/opendigitalproductfactory/pull/5003"
"5002","fix(federation): supersession merges id- and address-keyed views of a peer, and trust outranks age (EP-ZERO-CONFIG-FEDERATION)","2026-09-02T19:42:45Z","2026-09-02T20:05:17Z","96","20","3","https://github.com/OpenDigitalProductFactory/opendigitalproductfactory/pull/5002"
"5001","fix(nonprod): a slot goes to a waiter on its own claim, and only if it proves it is alive (BI-B1CB7EC3)","2026-09-02T19:17:48Z","2026-09-02T19:39:30Z","491","47","6","https://github.com/OpenDigitalProductFactory/opendigitalproductfactory/pull/5001"
"5000","feat(ward): project where each animal is, and how many kennels are free","2026-09-02T19:02:45Z","2026-09-02T20:29:20Z","522","0","3","https://github.com/OpenDigitalProductFactory/opendigitalproductfactory/pull/5000"
"4999","fix(right-now): name the inference the GPU is actually serving (BI-B3AB7FC9)","2026-09-02T18:46:01Z","2026-09-02T19:09:03Z","519","65","16","https://github.com/OpenDigitalProductFactory/opendigitalproductfactory/pull/4999"
"4998","feat(federation): membership is the only switch — durable identity, peer ledger, one link per peer, no exchange flag, unattended upgrades drain (EP-ZERO-CONFIG-FEDERATION)","2026-09-02T18:42:19Z","2026-09-02T19:09:03Z","1284","70","31","https://github.com/OpenDigitalProductFactory/opendigitalproductfactory/pull/4998"
"4997","fix(mcp): the committed-schema reader's own git calls were missing safe.directory (BI-6CFC5429)","2026-09-02T14:14:11Z","2026-09-02T15:30:15Z","50","4","2","https://github.com/OpenDigitalProductFactory/opendigitalproductfactory/pull/4997"
"4996","fix(github): resolve a read token from the credentials the install actually has (BI-69BBC446)","2026-09-02T14:10:15Z","2026-09-02T14:35:04Z","106","13","2","https://github.com/OpenDigitalProductFactory/opendigitalproductfactory/pull/4996"
"4995","fix(workroom): the drive capped rooms before filtering for a shape (BI-72B3FB40)","2026-09-02T13:46:10Z","2026-09-02T14:14:07Z","148","3","3","https://github.com/OpenDigitalProductFactory/opendigitalproductfactory/pull/4995"
"4994","fix(workroom): name the field that actually failed a claim, and let a worktree move (BI-69BBC446)","2026-09-02T13:41:23Z","2026-09-02T14:10:09Z","304","33","8","https://github.com/OpenDigitalProductFactory/opendigitalproductfactory/pull/4994"
"4993","fix(federation): accept prose-length proposedOutcome and resolution in the work-sync page (BI-FF8A57EF)","2026-09-02T08:58:30Z","2026-09-02T09:21:03Z","16","5","2","https://github.com/OpenDigitalProductFactory/opendigitalproductfactory/pull/4993"
"4992","fix: bind on the shell worktree path too, and stop the refusal overstating","2026-09-02T07:40:14Z","2026-09-02T08:52:04Z","125","4","6","https://github.com/OpenDigitalProductFactory/opendigitalproductfactory/pull/4992"
"4991","fix(communications): a declared channel with no adapter fails the build, not the send (BI-8B6C262D)","2026-09-02T07:30:59Z","2026-09-02T07:53:27Z","195","1","3","https://github.com/OpenDigitalProductFactory/opendigitalproductfactory/pull/4991"
"4990","fix(data-screening): let source code leave the host untransformed (BI-35FAE2DB)","2026-09-02T07:23:51Z","2026-09-02T07:45:33Z","139","3","4","https://github.com/OpenDigitalProductFactory/opendigitalproductfactory/pull/4990"
"4989","fix(local-ci): a gate that could not run must not grade the diff, and one that passed on slot-1 must be pushable","2026-09-02T07:10:34Z","2026-09-02T13:27:56Z","531","105","8","https://github.com/OpenDigitalProductFactory/opendigitalproductfactory/pull/4989"
"4988","feat(inference): a screen receipt says WHAT the matched message was (BI-40EF7C44)","2026-09-02T06:46:46Z","2026-09-02T07:08:28Z","217","12","14","https://github.com/OpenDigitalProductFactory/opendigitalproductfactory/pull/4988"
"4987","feat(worktree): the platform owns, sees and bounds its own worktrees (BI-99395B29, BI-0B2F0546)","2026-09-02T06:42:13Z","2026-09-02T13:27:56Z","666","30","14","https://github.com/OpenDigitalProductFactory/opendigitalproductfactory/pull/4987"
"4986","feat(ux-budget): the route sweep can measure a detail route (BI-DE67A3EC)","2026-09-02T06:03:01Z","2026-09-02T14:13:27Z","372","17","11","https://github.com/OpenDigitalProductFactory/opendigitalproductfactory/pull/4986"
"4985","feat(coworkers): give the active roster declared shapes, cadences, skills and journeys","2026-09-02T05:54:59Z","2026-09-02T06:42:22Z","3977","2310","43","https://github.com/OpenDigitalProductFactory/opendigitalproductfactory/pull/4985"
"4984","doc(pet-rescue): re-verify §6c on the next build, and correct one row's evidence","2026-09-02T05:51:15Z","2026-09-02T06:13:46Z","26","1","1","https://github.com/OpenDigitalProductFactory/opendigitalproductfactory/pull/4984"
"4983","feat(federation): sync the backlog between same-organization installs as real rows, both ways (BI-FF8A57EF)","2026-09-02T05:47:37Z","2026-09-02T06:09:27Z","1205","21","30","https://github.com/OpenDigitalProductFactory/opendigitalproductfactory/pull/4983"
"4982","fix(operate): a governed refusal is not a tool failure","2026-09-02T05:38:46Z","2026-09-02T06:07:32Z","213","16","5","https://github.com/OpenDigitalProductFactory/opendigitalproductfactory/pull/4982"
"4981","fix(workroom): create_workroom accepted workShape and dropped it (BI-A967717A)","2026-09-02T05:30:49Z","2026-09-02T05:58:33Z","99","0","2","https://github.com/OpenDigitalProductFactory/opendigitalproductfactory/pull/4981"
"4980","fix(cli-adapter): run headless inference outside the project workspace (BI-35FAE2DB)","2026-09-02T05:28:51Z","2026-09-02T06:07:32Z","57","2","2","https://github.com/OpenDigitalProductFactory/opendigitalproductfactory/pull/4980"
"4979","fix(inference): name the binding constraint, and stop advising a retry that cannot work (BI-FB184D69)","2026-09-02T05:26:28Z","2026-09-02T05:48:07Z","299","134","8","https://github.com/OpenDigitalProductFactory/opendigitalproductfactory/pull/4979"
"4978","fix(pre-push-gate): ask for the verdict instead of looking for the file (BI-A167CF8A)","2026-09-02T05:06:01Z","2026-09-02T05:27:01Z","107","1","5","https://github.com/OpenDigitalProductFactory/opendigitalproductfactory/pull/4978"
"4977","fix(local-ci): retry a renewal we never got an answer to (BI-ECAE03F7)","2026-09-02T05:05:46Z","2026-09-02T05:31:51Z","234","2","4","https://github.com/OpenDigitalProductFactory/opendigitalproductfactory/pull/4977"
"4976","fix(nonprod): a capacity reservation requires proof of life","2026-09-02T04:36:07Z","2026-09-02T05:07:49Z","308","2","3","https://github.com/OpenDigitalProductFactory/opendigitalproductfactory/pull/4976"
"4975","fix(scheduling): every scheduled job records why it exists (BI-5087F34F)","2026-09-02T04:16:48Z","2026-09-02T05:06:52Z","74","15","2","https://github.com/OpenDigitalProductFactory/opendigitalproductfactory/pull/4975"
"4974","feat(workroom): let a room be convened with the activity shape that drives it (BI-A967717A)","2026-09-02T04:11:04Z","2026-09-02T05:08:38Z","192","7","9","https://github.com/OpenDigitalProductFactory/opendigitalproductfactory/pull/4974"
"4973","fix(workforce): admit the employment definitions to the WorkCapsule source constraint (BI-2624B7EA)","2026-09-02T03:40:35Z","2026-09-02T04:33:03Z","255","1","4","https://github.com/OpenDigitalProductFactory/opendigitalproductfactory/pull/4973"
"4972","feat(cockpit): say how many animals are in the shelter, before anything else","2026-09-02T03:39:37Z","2026-09-02T04:36:33Z","257","25","5","https://github.com/OpenDigitalProductFactory/opendigitalproductfactory/pull/4972"
"4971","fix(worktree-gate): a build denied by allowBuilds policy is classified, not unclassified (BI-6945BEEF)","2026-09-02T03:36:43Z","2026-09-02T04:01:06Z","105","2","4","https://github.com/OpenDigitalProductFactory/opendigitalproductfactory/pull/4971"
"4969","fix(mobile): make the iOS app buildable and runnable","2026-09-02T03:01:50Z","2026-09-02T03:23:58Z","416","452","7","https://github.com/OpenDigitalProductFactory/opendigitalproductfactory/pull/4969"
"4968","feat(federation): read-only operational-posture federated record + projection (Slice 2.1, BI-0585906E)","2026-09-02T02:56:08Z","2026-09-02T03:17:43Z","532","0","7","https://github.com/OpenDigitalProductFactory/opendigitalproductfactory/pull/4968"
"4967","doc(kernel): platform function never depends on a client (BI-99395B29)","2026-09-02T02:50:45Z","2026-09-02T03:45:33Z","159","3","7","https://github.com/OpenDigitalProductFactory/opendigitalproductfactory/pull/4967"
"4966","fix(routing): fall through when a local pool refuses, do not wait on it","2026-09-02T02:49:34Z","2026-09-02T03:32:45Z","212","11","6","https://github.com/OpenDigitalProductFactory/opendigitalproductfactory/pull/4966"
"4965","fix: unblock every worktree, and explain two states that had no words (BI-4D0FCF3A, BI-706530B2, BI-575F0046)","2026-09-02T02:41:59Z","2026-09-02T03:06:07Z","301","83","10","https://github.com/OpenDigitalProductFactory/opendigitalproductfactory/pull/4965"
"4964","fix(workforce): give the actuator's inputs an operator write path (BI-9252B9EA, BI-C61CEEA9)","2026-09-02T02:40:15Z","2026-09-02T03:06:07Z","335","9","6","https://github.com/OpenDigitalProductFactory/opendigitalproductfactory/pull/4964"
"4963","doc(deploy): separate shipped from planned MCP transport settings (BI-1AE9D368)","2026-09-02T02:20:42Z","2026-09-02T03:11:00Z","44","13","2","https://github.com/OpenDigitalProductFactory/opendigitalproductfactory/pull/4963"
"4962","doc(spec): state the boundary with the managed-cell design (BI-E2E8BD27)","2026-09-02T02:15:53Z","2026-09-02T02:52:21Z","25","0","1","https://github.com/OpenDigitalProductFactory/opendigitalproductfactory/pull/4962"
"4961","feat(proactive-review-drive): merge-as-delivery + agent-governed review dispatch (EP-4614F35E)","2026-09-02T02:14:07Z","2026-09-02T02:36:23Z","308","22","5","https://github.com/OpenDigitalProductFactory/opendigitalproductfactory/pull/4961"
"4960","fix(reviewer-route): a capacity deferral is not a writer failure","2026-09-02T01:50:13Z","2026-09-02T02:15:15Z","323","3","6","https://github.com/OpenDigitalProductFactory/opendigitalproductfactory/pull/4960"
"4959","fix(rescue): make the workforce seeder actually seed, and record what the tranche moved (BI-A30152B6)","2026-09-02T01:48:50Z","2026-09-02T02:09:43Z","404","7","9","https://github.com/OpenDigitalProductFactory/opendigitalproductfactory/pull/4959"
"4958","fix(scheduling): a scheduled tick resolves its posture through the room (BI-27C8484F)","2026-09-02T01:31:01Z","2026-09-02T01:57:17Z","443","9","4","https://github.com/OpenDigitalProductFactory/opendigitalproductfactory/pull/4958"
"4957","fix(inference): a mask with nothing to redact must not fence the turn (BI-67CAF494)","2026-09-02T01:23:32Z","2026-09-02T01:47:00Z","99","2","3","https://github.com/OpenDigitalProductFactory/opendigitalproductfactory/pull/4957"
"4956","fix(skill): name leaseId as the release argument for shared nonprod leases","2026-09-02T01:19:41Z","2026-09-02T01:33:11Z","14","2","1","https://github.com/OpenDigitalProductFactory/opendigitalproductfactory/pull/4956"
"4955","doc(spec): install public reachability — one contract, pluggable providers (BI-E2E8BD27)","2026-09-02T01:12:49Z","2026-09-02T01:34:50Z","215","0","1","https://github.com/OpenDigitalProductFactory/opendigitalproductfactory/pull/4955"
"4954","fix(backlog): an escalated item must be parked attributably, not disappeared (BI-9DA5F179)","2026-09-02T01:01:28Z","2026-09-02T01:34:33Z","484","23","9","https://github.com/OpenDigitalProductFactory/opendigitalproductfactory/pull/4954"
"4953","test(release): guard the STT digest watch wiring, not just its script","2026-09-02T00:41:12Z","2026-09-02T01:23:15Z","104","0","2","https://github.com/OpenDigitalProductFactory/opendigitalproductfactory/pull/4953"
"4952","fix(self-upgrade): carry the HTTP status behind registry-unavailable","2026-09-01T23:34:31Z","2026-09-02T00:34:38Z","85","11","4","https://github.com/OpenDigitalProductFactory/opendigitalproductfactory/pull/4952"
"4951","fix(mcp): answer schema questions from the merge target, not a moving sandbox branch (BI-6CFC5429)","2026-09-01T21:41:52Z","2026-09-01T22:11:37Z","196","5","4","https://github.com/OpenDigitalProductFactory/opendigitalproductfactory/pull/4951"
"4950","fix(self-upgrade): record why a run failed, not just that it did (BI-472A57D3)","2026-09-01T21:37:48Z","2026-09-01T21:59:19Z","416","26","9","https://github.com/OpenDigitalProductFactory/opendigitalproductfactory/pull/4950"
"4949","refactor(proactivity): the room owns drive, not the coworker (BI-87C9C91C)","2026-09-01T21:30:01Z","2026-09-01T22:20:29Z","398","624","26","https://github.com/OpenDigitalProductFactory/opendigitalproductfactory/pull/4949"
"4948","feat(routing): break-glass informed-risk clearance override — spine (BI-BD88A142)","2026-09-01T21:18:06Z","2026-09-01T21:40:03Z","765","33","20","https://github.com/OpenDigitalProductFactory/opendigitalproductfactory/pull/4948"
"4947","fix(review): a reviewer that cannot see the change can no longer pass it (BI-82902891)","2026-09-01T21:12:43Z","2026-09-01T22:10:47Z","164","2","4","https://github.com/OpenDigitalProductFactory/opendigitalproductfactory/pull/4947"
"4946","feat(workroom-closeout): delivered vs abandoned room disposition, with a resume grace (EP-WORKROOM-CLOSEOUT)","2026-09-01T20:57:09Z","2026-09-01T21:50:49Z","632","34","15","https://github.com/OpenDigitalProductFactory/opendigitalproductfactory/pull/4946"
"4945","doc(spec): runtime conformance for the universal work formula","2026-09-01T20:43:36Z","2026-09-01T21:04:44Z","127","0","1","https://github.com/OpenDigitalProductFactory/opendigitalproductfactory/pull/4945"
"4944","fix(workroom): bind a created Workroom to the backlog item it names (BI-CB3AEBBF)","2026-09-01T20:37:37Z","2026-09-01T20:59:54Z","246","32","7","https://github.com/OpenDigitalProductFactory/opendigitalproductfactory/pull/4944"
"4943","fix(pregate): a queued gate is not a failed gate (BI-465B3D60)","2026-09-01T20:33:06Z","2026-09-01T20:54:19Z","74","0","2","https://github.com/OpenDigitalProductFactory/opendigitalproductfactory/pull/4943"
"4942","fix(inference): stop classifying git authorship emails as customer records (BI-EBE25715)","2026-09-01T20:20:29Z","2026-09-01T20:57:52Z","134","7","4","https://github.com/OpenDigitalProductFactory/opendigitalproductfactory/pull/4942"
"4941","fix(inference): naming a domain is not evidence of a record in it (BI-67CAF494)","2026-09-01T20:14:13Z","2026-09-01T20:43:04Z","100","5","3","https://github.com/OpenDigitalProductFactory/opendigitalproductfactory/pull/4941"
"4940","fix(worktree-gate): parse pnpm ignored-builds by section; classify @scarf/scarf (BI-0E472AE0)","2026-09-01T19:57:13Z","2026-09-01T20:19:01Z","59","7","3","https://github.com/OpenDigitalProductFactory/opendigitalproductfactory/pull/4940"
"4939","feat(workroom): declare the standing business-operations shapes (BI-7E7B93DF)","2026-09-01T19:51:01Z","2026-09-01T21:17:08Z","1461","2","7","https://github.com/OpenDigitalProductFactory/opendigitalproductfactory/pull/4939"
"4938","fix(routing): give confidential coworkers an accurate clearance dead-end (BI-431524DF)","2026-09-01T19:44:32Z","2026-09-01T20:07:24Z","87","1","3","https://github.com/OpenDigitalProductFactory/opendigitalproductfactory/pull/4938"
"4937","doc(directory): record Phase 6, and retire two stale blocker diagnoses","2026-09-01T19:40:54Z","2026-09-01T20:00:02Z","65","10","2","https://github.com/OpenDigitalProductFactory/opendigitalproductfactory/pull/4937"
"4936","fix(coworkers): enforce shrink-only on the capability ratchet instead of declaring it","2026-09-01T19:35:33Z","2026-09-01T19:57:51Z","134","3","3","https://github.com/OpenDigitalProductFactory/opendigitalproductfactory/pull/4936"
"4935","fix(govern): decide mask materiality by reversibility, not by declaration (BI-0064680C)","2026-09-01T19:33:34Z","2026-09-01T19:55:07Z","191","8","2","https://github.com/OpenDigitalProductFactory/opendigitalproductfactory/pull/4935"
"4934","doc(superpowers): mark the 2026-08-08 Purpose-Aware umbrella spec+plan superseded","2026-09-01T19:28:27Z","2026-09-01T19:50:36Z","27","2","3","https://github.com/OpenDigitalProductFactory/opendigitalproductfactory/pull/4934"
"4933","fix: bind objective mapping to current baseline","2026-09-01T10:05:40Z","2026-09-01T10:27:41Z","28","4","3","https://github.com/OpenDigitalProductFactory/opendigitalproductfactory/pull/4933"
"4932","fix: expose terminal readiness recovery packets","2026-09-01T09:12:54Z","2026-09-01T09:40:45Z","796","15","13","https://github.com/OpenDigitalProductFactory/opendigitalproductfactory/pull/4932"
"4931","fix(workroom): enforce forward stage transitions","2026-09-01T08:36:45Z","2026-09-01T08:58:35Z","116","0","2","https://github.com/OpenDigitalProductFactory/opendigitalproductfactory/pull/4931"
"4930","fix: preserve terminal writer source for Codex","2026-09-01T07:45:40Z","2026-09-01T08:18:42Z","39","17","4","https://github.com/OpenDigitalProductFactory/opendigitalproductfactory/pull/4930"
"4929","feat(workroom): model coordination relations (BI-662254C6)","2026-09-01T07:22:54Z","2026-09-01T07:47:48Z","374","4","12","https://github.com/OpenDigitalProductFactory/opendigitalproductfactory/pull/4929"
"4928","docs(ai): mark tool integrity objectives","2026-09-01T07:05:47Z","2026-09-01T07:43:08Z","20","0","2","https://github.com/OpenDigitalProductFactory/opendigitalproductfactory/pull/4928"
"4927","docs(ai): mark Codex eligibility objectives","2026-09-01T07:05:45Z","2026-09-01T07:43:08Z","18","0","2","https://github.com/OpenDigitalProductFactory/opendigitalproductfactory/pull/4927"
"4926","docs(ai): mark provider trust objectives","2026-09-01T07:05:43Z","2026-09-01T07:43:08Z","18","0","2","https://github.com/OpenDigitalProductFactory/opendigitalproductfactory/pull/4926"
"4925","fix(review): enforce terminal writer at completion boundary","2026-09-01T06:51:28Z","2026-09-01T07:13:15Z","159","3","4","https://github.com/OpenDigitalProductFactory/opendigitalproductfactory/pull/4925"
"4924","fix: reject scheduled proposals as executions","2026-09-01T06:25:28Z","2026-09-01T06:52:47Z","34","6","3","https://github.com/OpenDigitalProductFactory/opendigitalproductfactory/pull/4924"
"4923","docs: bind workroom ownership objectives","2026-09-01T06:18:14Z","2026-09-01T06:52:09Z","282","4","11","https://github.com/OpenDigitalProductFactory/opendigitalproductfactory/pull/4923"
"4922","fix(ai): make provider trust status actionable","2026-09-01T06:14:57Z","2026-09-01T06:38:30Z","210","9","10","https://github.com/OpenDigitalProductFactory/opendigitalproductfactory/pull/4922"
"4921","feat(tasks): deliver asynchronous governed task execution","2026-09-01T06:10:58Z","2026-09-02T09:04:25Z","2353","275","45","https://github.com/OpenDigitalProductFactory/opendigitalproductfactory/pull/4921"
"4920","feat(workroom): add server-owned standing Workroom drive runner (BI-FCD639D9)","2026-09-01T06:07:41Z","2026-09-01T06:38:30Z","1288","0","7","https://github.com/OpenDigitalProductFactory/opendigitalproductfactory/pull/4920"
"4919","fix: preserve tool ceilings after discovery","2026-09-01T05:30:12Z","2026-09-01T05:52:16Z","204","44","8","https://github.com/OpenDigitalProductFactory/opendigitalproductfactory/pull/4919"
"4918","feat(backlog): show active Workroom ownership","2026-09-01T05:14:30Z","2026-09-01T05:36:40Z","249","4","10","https://github.com/OpenDigitalProductFactory/opendigitalproductfactory/pull/4918"
"4917","feat(workroom): add Process Overseer shape-conformance projection (BI-3913EB49)","2026-09-01T05:05:24Z","2026-09-01T05:28:55Z","563","0","2","https://github.com/OpenDigitalProductFactory/opendigitalproductfactory/pull/4917"
"4916","fix(attention): distinguish AI recommendation from human authorization","2026-09-01T05:02:24Z","2026-09-01T13:02:40Z","720","87","11","https://github.com/OpenDigitalProductFactory/opendigitalproductfactory/pull/4916"
"4915","fix: respect Codex subscription model eligibility","2026-09-01T05:01:12Z","2026-09-01T05:22:39Z","504","6","14","https://github.com/OpenDigitalProductFactory/opendigitalproductfactory/pull/4915"
"4914","fix: stop legacy terminal-writer retries at ceiling","2026-09-01T04:41:26Z","2026-09-01T05:03:19Z","49","8","2","https://github.com/OpenDigitalProductFactory/opendigitalproductfactory/pull/4914"
"4913","feat(workroom): persist participant and coordinator assignments (BI-4CB2EF76)","2026-09-01T04:26:35Z","2026-09-01T04:48:27Z","1008","90","29","https://github.com/OpenDigitalProductFactory/opendigitalproductfactory/pull/4913"
"4912","fix: refuse duplicate live Workroom claims","2026-09-01T04:21:47Z","2026-09-01T04:45:58Z","479","138","14","https://github.com/OpenDigitalProductFactory/opendigitalproductfactory/pull/4912"
"4911","docs(workroom): govern canonical relation slice","2026-09-01T04:20:33Z","2026-09-01T04:40:45Z","27","4","2","https://github.com/OpenDigitalProductFactory/opendigitalproductfactory/pull/4911"
"4910","fix(mcp): bound terminal writer recovery","2026-09-01T03:56:21Z","2026-09-01T04:19:30Z","281","13","4","https://github.com/OpenDigitalProductFactory/opendigitalproductfactory/pull/4910"
"4909","feat(workroom): carry grants, measures, and budgets on the shape definition (BI-EFFD97B4)","2026-09-01T03:14:30Z","2026-09-01T03:35:29Z","95","0","2","https://github.com/OpenDigitalProductFactory/opendigitalproductfactory/pull/4909"
"4908","fix(mcp): name pending approval owner and location on TaskRun results (BI-06AE037F)","2026-09-01T03:02:34Z","2026-09-01T03:24:31Z","541","9","10","https://github.com/OpenDigitalProductFactory/opendigitalproductfactory/pull/4908"
"4907","feat(workroom): bind declared work shape to standing rooms (BI-FAFEB5C2)","2026-09-01T02:14:34Z","2026-09-01T02:37:24Z","267","2","5","https://github.com/OpenDigitalProductFactory/opendigitalproductfactory/pull/4907"
"4906","fix(upgrade): recover exact expired target binding","2026-09-01T01:54:44Z","2026-09-01T02:19:11Z","196","17","7","https://github.com/OpenDigitalProductFactory/opendigitalproductfactory/pull/4906"
"4905","fix: order terminal writer system context first","2026-09-01T01:25:48Z","2026-09-01T01:46:37Z","154","2","4","https://github.com/OpenDigitalProductFactory/opendigitalproductfactory/pull/4905"
"4904","fix(review): recover expired writer proposal","2026-08-31T18:23:52Z","2026-08-31T18:44:57Z","117","6","6","https://github.com/OpenDigitalProductFactory/opendigitalproductfactory/pull/4904"
"4903","docs(mcp): clarify work claim identity contract","2026-08-31T07:47:07Z","2026-08-31T08:24:10Z","25","3","3","https://github.com/OpenDigitalProductFactory/opendigitalproductfactory/pull/4903"
"4902","docs(mcp): clarify plan coverage contract","2026-08-31T07:27:06Z","2026-08-31T08:01:14Z","34","0","3","https://github.com/OpenDigitalProductFactory/opendigitalproductfactory/pull/4902"
"4901","docs: stop blind retries when code graph is unavailable","2026-08-31T06:55:52Z","2026-08-31T07:39:53Z","31","2","4","https://github.com/OpenDigitalProductFactory/opendigitalproductfactory/pull/4901"
"4900","feat(coworkers): bridge seeded identity namespaces","2026-08-31T05:11:48Z","2026-08-31T07:14:58Z","3583","2584","34","https://github.com/OpenDigitalProductFactory/opendigitalproductfactory/pull/4900"
"4899","docs(mcp): define bounded nonproduction lease retry contract","2026-08-31T04:50:02Z","2026-08-31T05:03:40Z","83","0","2","https://github.com/OpenDigitalProductFactory/opendigitalproductfactory/pull/4899"
"4898","fix(workroom): enforce room-wide verification posture","2026-08-31T04:37:34Z","2026-08-31T05:50:45Z","310","26","13","https://github.com/OpenDigitalProductFactory/opendigitalproductfactory/pull/4898"
"4897","fix(review): recover zero-reader terminal writer","2026-08-31T04:20:25Z","2026-08-31T04:51:09Z","331","22","7","https://github.com/OpenDigitalProductFactory/opendigitalproductfactory/pull/4897"
"4896","docs(cloud): publish managed deployment plan and estimates","2026-08-31T04:04:50Z","2026-08-31T06:55:09Z","850","4","8","https://github.com/OpenDigitalProductFactory/opendigitalproductfactory/pull/4896"
"4895","docs: close identity authority planning gaps","2026-08-31T03:56:27Z","2026-08-31T04:40:38Z","418","64","9","https://github.com/OpenDigitalProductFactory/opendigitalproductfactory/pull/4895"
"4894","fix(review): hydrate bounded large artifacts","2026-08-31T03:55:22Z","2026-08-31T04:51:09Z","61","5","2","https://github.com/OpenDigitalProductFactory/opendigitalproductfactory/pull/4894"
"4893","fix(self-upgrade): isolate registry transport recovery","2026-08-31T03:39:27Z","2026-08-31T04:01:24Z","154","8","2","https://github.com/OpenDigitalProductFactory/opendigitalproductfactory/pull/4893"
"4892","fix(pregate): make local-CI diagnostic verdicts honest","2026-08-31T03:31:36Z","2026-08-31T03:52:38Z","304","26","15","https://github.com/OpenDigitalProductFactory/opendigitalproductfactory/pull/4892"
"4891","fix(verify): resolve source-free consumer ancestry","2026-08-31T03:25:10Z","2026-08-31T19:57:19Z","713","6","9","https://github.com/OpenDigitalProductFactory/opendigitalproductfactory/pull/4891"
"4890","fix(review): preserve guarded CLI terminal writer route","2026-08-30T22:10:42Z","2026-08-30T22:32:09Z","242","3","12","https://github.com/OpenDigitalProductFactory/opendigitalproductfactory/pull/4890"
"4889","docs: design bounded delivery control plane","2026-08-30T21:28:36Z","2026-08-30T21:45:23Z","298","0","2","https://github.com/OpenDigitalProductFactory/opendigitalproductfactory/pull/4889"
"4888","fix(self-upgrade): recover exact undelivered target","2026-08-30T21:20:42Z","2026-08-30T21:41:52Z","168","10","4","https://github.com/OpenDigitalProductFactory/opendigitalproductfactory/pull/4888"
"4887","fix: expose bound objective mapping schema","2026-08-30T20:36:02Z","2026-08-30T20:57:13Z","110","10","2","https://github.com/OpenDigitalProductFactory/opendigitalproductfactory/pull/4887"
"4886","fix(guards): remaining diff-scoped gates fail closed when origin/main is unresolvable","2026-08-30T20:03:01Z","2026-08-31T05:32:42Z","196","87","14","https://github.com/OpenDigitalProductFactory/opendigitalproductfactory/pull/4886"
"4885","fix(flow): make gate waits durable and progress observable","2026-08-30T19:53:54Z","2026-08-30T21:10:53Z","1488","38","32","https://github.com/OpenDigitalProductFactory/opendigitalproductfactory/pull/4885"
"4884","fix(wordpress): repair operator connection regressions","2026-08-30T19:50:04Z","2026-08-30T20:10:47Z","303","20","13","https://github.com/OpenDigitalProductFactory/opendigitalproductfactory/pull/4884"
"4883","fix(self-upgrade): preserve admitted targets through registry outages","2026-08-30T19:30:07Z","2026-08-30T19:51:58Z","393","84","12","https://github.com/OpenDigitalProductFactory/opendigitalproductfactory/pull/4883"
"4882","fix(readiness): recover provider-failed approval on same TaskRun","2026-08-30T19:21:28Z","2026-08-30T19:42:51Z","127","19","3","https://github.com/OpenDigitalProductFactory/opendigitalproductfactory/pull/4882"
"4881","docs: define PAAW competence-evolution assurance","2026-08-30T18:23:31Z","2026-08-30T19:09:54Z","1132","21","10","https://github.com/OpenDigitalProductFactory/opendigitalproductfactory/pull/4881"
"4880","feat(build): record verification-depth shadow gates","2026-08-30T03:05:06Z","2026-08-30T03:28:54Z","686","73","20","https://github.com/OpenDigitalProductFactory/opendigitalproductfactory/pull/4880"
"4879","fix(readiness): retry immutable provider provenance","2026-08-30T03:00:12Z","2026-08-30T18:30:08Z","445","47","4","https://github.com/OpenDigitalProductFactory/opendigitalproductfactory/pull/4879"
"4878","docs(security): assess stack and design optional 1Password support (BI-E7553A1C)","2026-08-30T02:59:40Z","2026-08-30T03:20:59Z","728","1","6","https://github.com/OpenDigitalProductFactory/opendigitalproductfactory/pull/4878"
"4877","fix(integrations): a rendered next step names a live item or says it is not filed (BI-5BF97BAA)","2026-08-30T02:52:43Z","2026-08-30T03:16:11Z","849","68","20","https://github.com/OpenDigitalProductFactory/opendigitalproductfactory/pull/4877"
"4876","fix(workforce): actuate EVERY employment event, not one of five (BI-2624B7EA)","2026-08-30T02:42:37Z","2026-08-30T03:04:56Z","337","142","8","https://github.com/OpenDigitalProductFactory/opendigitalproductfactory/pull/4876"
"4875","fix(shell): make the mode control and the destructive photo control reachable on a tablet (BI-6395DA89, BI-56BB6038)","2026-08-30T02:35:03Z","2026-08-30T02:55:46Z","220","25","6","https://github.com/OpenDigitalProductFactory/opendigitalproductfactory/pull/4875"
"4874","doc(build-gate): record PR-payload staleness and sandbox-collision recovery (BI-DE58A378)","2026-08-30T02:31:12Z","2026-08-30T02:55:46Z","3","0","1","https://github.com/OpenDigitalProductFactory/opendigitalproductfactory/pull/4874"
"4873","feat(coworkers): ratchet capability completeness","2026-08-30T02:29:00Z","2026-08-30T02:55:46Z","3153","3271","17","https://github.com/OpenDigitalProductFactory/opendigitalproductfactory/pull/4873"
"4872","fix(self-upgrade): preserve verified release targets","2026-08-30T02:26:09Z","2026-08-30T03:07:13Z","644","67","8","https://github.com/OpenDigitalProductFactory/opendigitalproductfactory/pull/4872"
"4871","doc(workroom): proactive workrooms — the room carries the drive, not the coworker","2026-08-30T02:14:52Z","2026-08-30T02:27:51Z","482","0","2","https://github.com/OpenDigitalProductFactory/opendigitalproductfactory/pull/4871"
"4870","fix(seed): scope industry reference models to the install's archetype (BI-4F186358)","2026-08-30T02:05:30Z","2026-08-30T02:35:44Z","363","15","6","https://github.com/OpenDigitalProductFactory/opendigitalproductfactory/pull/4870"
"4869","perf(delivery): gate on the tests the diff can reach, and let capacity follow the installation","2026-08-30T02:02:40Z","2026-08-30T02:25:35Z","1925","21","16","https://github.com/OpenDigitalProductFactory/opendigitalproductfactory/pull/4869"
"4868","fix(self-upgrade): report why a release target could not be resolved","2026-08-30T01:56:33Z","2026-08-30T02:32:01Z","157","6","2","https://github.com/OpenDigitalProductFactory/opendigitalproductfactory/pull/4868"
"4867","doc(build-gate): salvage cross-surface docs-PR field notes into the runbook","2026-08-30T01:52:15Z","2026-08-30T02:06:30Z","11","1","1","https://github.com/OpenDigitalProductFactory/opendigitalproductfactory/pull/4867"
"4866","fix(mcp): make the loopback endpoint rule an invariant, not a convention (#4389)","2026-08-30T01:48:33Z","2026-08-30T02:21:04Z","124","1","4","https://github.com/OpenDigitalProductFactory/opendigitalproductfactory/pull/4866"
"4865","fix(workforce): actually call the employment event actuator (BI-2624B7EA)","2026-08-30T01:48:18Z","2026-08-30T02:23:56Z","242","3","3","https://github.com/OpenDigitalProductFactory/opendigitalproductfactory/pull/4865"
"4864","doc(workroom): retarget stale definition/instance anchors to live epic","2026-08-29T19:03:39Z","2026-08-30T00:37:04Z","1","1","1","https://github.com/OpenDigitalProductFactory/opendigitalproductfactory/pull/4864"
"4863","fix(self-upgrade): stop the owner card claiming currency while an update waits (BI-B99C7487)","2026-08-29T18:54:10Z","2026-08-29T19:15:25Z","263","26","6","https://github.com/OpenDigitalProductFactory/opendigitalproductfactory/pull/4863"
"4862","fix(self-upgrade): materialize Git LFS objects in the upgrade workspace (BI-DDB48B04)","2026-08-29T18:48:02Z","2026-08-29T19:08:47Z","388","9","7","https://github.com/OpenDigitalProductFactory/opendigitalproductfactory/pull/4862"
"4861","doc(standard): harmonize live-doc references to the PAAW name (BI-4E32C6A2)","2026-08-29T18:20:03Z","2026-08-29T18:41:28Z","89","94","15","https://github.com/OpenDigitalProductFactory/opendigitalproductfactory/pull/4861"
"4860","fix(self-upgrade): type terminal recovery successors","2026-08-29T16:37:52Z","2026-08-29T17:00:23Z","597","33","16","https://github.com/OpenDigitalProductFactory/opendigitalproductfactory/pull/4860"
"4859","doc(standard): reframe FPAW as PAAW — portfolio-aligned, harmonization-first, BusinessProduct unit (BI-3C1A01BD)","2026-08-29T15:04:44Z","2026-08-29T15:26:19Z","82","7","2","https://github.com/OpenDigitalProductFactory/opendigitalproductfactory/pull/4859"
"4858","fix(self-upgrade): recover source-free dispatch","2026-08-29T14:45:14Z","2026-08-29T15:21:50Z","352","44","8","https://github.com/OpenDigitalProductFactory/opendigitalproductfactory/pull/4858"
"4857","fix: isolate failed immutable reader attempts","2026-08-29T13:02:16Z","2026-08-29T13:23:51Z","176","20","4","https://github.com/OpenDigitalProductFactory/opendigitalproductfactory/pull/4857"
"4856","build(deps): Bump expo-sqlite from 56.0.5 to 57.0.1","2026-08-29T10:07:42Z","2026-08-29T15:02:37Z","344","40","2","https://github.com/OpenDigitalProductFactory/opendigitalproductfactory/pull/4856"
"4855","build(deps): Bump smol-toml from 1.7.2 to 1.8.0","2026-08-29T10:07:12Z","2026-08-29T15:02:37Z","344","40","2","https://github.com/OpenDigitalProductFactory/opendigitalproductfactory/pull/4855"
"4854","build(deps): Bump @expo/metro-runtime from 56.0.18 to 57.0.10","2026-08-29T10:06:07Z","2026-08-29T14:56:35Z","383","81","2","https://github.com/OpenDigitalProductFactory/opendigitalproductfactory/pull/4854"
"4853","build(deps): Bump @prisma/adapter-pg from 7.9.0 to 7.9.1","2026-08-29T10:05:35Z","2026-08-29T18:14:16Z","47","52","2","https://github.com/OpenDigitalProductFactory/opendigitalproductfactory/pull/4853"
"4852","build(deps): Bump pg and @types/pg","2026-08-29T10:04:48Z","2026-08-29T14:56:35Z","369","70","4","https://github.com/OpenDigitalProductFactory/opendigitalproductfactory/pull/4852"
"4851","build(deps): Bump the minor-and-patch group in /scripts/probes/marketing-media with 2 updates","2026-08-29T10:03:50Z","2026-08-29T14:49:33Z","17","35","2","https://github.com/OpenDigitalProductFactory/opendigitalproductfactory/pull/4851"
"4850","fix(self-upgrade): bind rendered release target","2026-08-29T09:55:25Z","2026-08-29T10:50:48Z","727","22","14","https://github.com/OpenDigitalProductFactory/opendigitalproductfactory/pull/4850"
"4849","fix(build): let the design reviewer see what the owner asked for (BI-82E41B79)","2026-08-29T09:00:03Z","2026-08-29T14:49:33Z","213","8","6","https://github.com/OpenDigitalProductFactory/opendigitalproductfactory/pull/4849"
"4848","fix(cockpit): stop telling the operator things that are not true (BI-685ADDCD, BI-2777B86B, BI-AF50DBD5)","2026-08-29T08:42:03Z","2026-08-29T14:49:33Z","389","66","10","https://github.com/OpenDigitalProductFactory/opendigitalproductfactory/pull/4848"
"4847","fix(docs): make doc-diagram rendering work on Windows (BI-334CB7DE)","2026-08-29T07:24:53Z","2026-08-29T14:49:33Z","168","23","4","https://github.com/OpenDigitalProductFactory/opendigitalproductfactory/pull/4847"
"4846","fix(gate): stop a slow probe from discarding a healthy build (BI-24D5D7C2)","2026-08-29T07:15:13Z","2026-08-29T14:45:44Z","70","5","3","https://github.com/OpenDigitalProductFactory/opendigitalproductfactory/pull/4846"
"4845","fix(install): preserve deployed release identity on restart","2026-08-29T06:54:57Z","2026-08-29T07:29:07Z","471","33","14","https://github.com/OpenDigitalProductFactory/opendigitalproductfactory/pull/4845"
"4843","fix(release): materialize Git LFS assets in the published image","2026-08-29T06:16:03Z","2026-08-29T06:37:23Z","206","0","4","https://github.com/OpenDigitalProductFactory/opendigitalproductfactory/pull/4843"
"4842","feat(workforce): make an employment event do the work (EP-862820FD D2, D4, D5, D6, D7)","2026-08-29T06:12:45Z","2026-08-29T07:32:55Z","3032","12","23","https://github.com/OpenDigitalProductFactory/opendigitalproductfactory/pull/4842"
"4841","doc(plan): implementation plan for alternative communication channels (EP-03CC88EF)","2026-08-29T05:52:58Z","2026-08-29T06:07:26Z","223","0","1","https://github.com/OpenDigitalProductFactory/opendigitalproductfactory/pull/4841"
"4840","fix(self-upgrade): persist admission before dispatch (BI-3FD07259)","2026-08-29T05:31:44Z","2026-08-29T06:18:19Z","1945","227","28","https://github.com/OpenDigitalProductFactory/opendigitalproductfactory/pull/4840"
"4839","fix(install): stop writing live secrets into artifacts operators publish (#4337, #1767)","2026-08-29T04:59:47Z","2026-08-29T05:21:08Z","227","3","6","https://github.com/OpenDigitalProductFactory/opendigitalproductfactory/pull/4839"
"4838","fix(build): preserve the brief MCP actor","2026-08-29T03:57:00Z","2026-08-29T04:41:00Z","371","118","8","https://github.com/OpenDigitalProductFactory/opendigitalproductfactory/pull/4838"
"4837","fix(gates): make the delivery gates report true state","2026-08-29T03:53:03Z","2026-08-29T05:02:07Z","2035","142","40","https://github.com/OpenDigitalProductFactory/opendigitalproductfactory/pull/4837"
"4836","fix(readiness): recover repaired review prerequisites","2026-08-29T01:31:35Z","2026-08-29T01:52:05Z","378","16","7","https://github.com/OpenDigitalProductFactory/opendigitalproductfactory/pull/4836"
"4835","fix(readiness): emit scope markers so a Build Studio design can be baselined (BI-CFD5A55A)","2026-08-29T00:49:29Z","2026-08-29T01:19:08Z","151","0","2","https://github.com/OpenDigitalProductFactory/opendigitalproductfactory/pull/4835"
"4834","fix(identity): converge a Principal for every seeded agent (BI-53C26E60)","2026-08-29T00:26:01Z","2026-08-29T08:47:07Z","758","8","15","https://github.com/OpenDigitalProductFactory/opendigitalproductfactory/pull/4834"
"4833","fix(gate): a gate that cannot run must not brick the tree it interrupted (BI-46B03CAE, BI-0F2E42D5)","2026-08-28T23:43:32Z","2026-08-29T01:03:34Z","178","6","5","https://github.com/OpenDigitalProductFactory/opendigitalproductfactory/pull/4833"
"4832","fix: bound terminal reader history by attempt","2026-08-28T23:27:12Z","2026-08-28T23:47:03Z","198","12","4","https://github.com/OpenDigitalProductFactory/opendigitalproductfactory/pull/4832"
"4831","fix(security): SOC cases carry their detections and resolve the actor's name (BI-7D1EC4B9)","2026-08-28T23:25:42Z","2026-08-28T23:47:03Z","161","1","4","https://github.com/OpenDigitalProductFactory/opendigitalproductfactory/pull/4831"
"4830","fix(compliance): schedule the regulatory monitor rescan so the surface self-heals (BI-DA37A602)","2026-08-28T23:07:03Z","2026-08-28T23:28:18Z","288","160","6","https://github.com/OpenDigitalProductFactory/opendigitalproductfactory/pull/4830"
"4829","fix(performance): tell the truth when an archetype has no metrics engine (BI-F359E1E9)","2026-08-28T22:48:51Z","2026-08-28T23:09:48Z","173","8","11","https://github.com/OpenDigitalProductFactory/opendigitalproductfactory/pull/4829"
"4828","feat(federation): give the edge node a federation-candidate scanner (BI-105966A1)","2026-08-28T22:39:46Z","2026-08-29T03:57:37Z","1919","89","25","https://github.com/OpenDigitalProductFactory/opendigitalproductfactory/pull/4828"
"4827","fix(portfolio): count products with no taxonomy node instead of dropping them (BI-A5576D1A)","2026-08-28T22:07:03Z","2026-08-28T22:28:30Z","47","0","2","https://github.com/OpenDigitalProductFactory/opendigitalproductfactory/pull/4827"
"4826","fix: require terminal reviewer writer calls","2026-08-28T21:56:17Z","2026-08-28T22:17:55Z","287","26","20","https://github.com/OpenDigitalProductFactory/opendigitalproductfactory/pull/4826"
"4825","feat(directory): the install now serves the directory it built (BI-A91004A7)","2026-08-28T21:44:37Z","2026-08-28T23:39:40Z","762","55","17","https://github.com/OpenDigitalProductFactory/opendigitalproductfactory/pull/4825"
"4824","fix(code-graph): recover an orphaned default-branch worktree, and stop putting it in someone else's tree (BI-86EF5900)","2026-08-28T21:35:16Z","2026-08-29T03:56:46Z","102","13","2","https://github.com/OpenDigitalProductFactory/opendigitalproductfactory/pull/4824"
"4823","fix(release): let the STT digest watch open its PR instead of dying on success (BI-E6EF0B2C)","2026-08-28T21:34:02Z","2026-08-29T03:56:46Z","14","0","1","https://github.com/OpenDigitalProductFactory/opendigitalproductfactory/pull/4823"
"4822","fix(local-ci): a gate run that dies must leave recoverable state (BI-C59AC8AF)","2026-08-28T21:27:25Z","2026-08-28T22:35:44Z","336","43","15","https://github.com/OpenDigitalProductFactory/opendigitalproductfactory/pull/4822"
"4821","fix(portfolio): cockpit counts the canonical coworker roster, not raw Agent rows (BI-B939790B)","2026-08-28T21:05:30Z","2026-08-28T21:26:29Z","16","8","2","https://github.com/OpenDigitalProductFactory/opendigitalproductfactory/pull/4821"
"4820","feat(workroom): register the employment lifecycle as Workroom definitions (BI-28EFA338)","2026-08-28T21:03:03Z","2026-08-28T21:25:27Z","181","0","2","https://github.com/OpenDigitalProductFactory/opendigitalproductfactory/pull/4820"
"4819","feat(work-posture): show which layer decided the room's posture, and why (BI-4EB2F1D0)","2026-08-28T20:55:25Z","2026-08-29T03:56:46Z","702","20","10","https://github.com/OpenDigitalProductFactory/opendigitalproductfactory/pull/4819"
"4818","fix(guards): spec-plan-doc must not skip when origin/main is unresolvable (BI-1DF0BF51)","2026-08-28T20:47:29Z","2026-08-30T02:57:35Z","34","5","3","https://github.com/OpenDigitalProductFactory/opendigitalproductfactory/pull/4818"
"4816","docs(kernel): report only the verdict you reached","2026-08-28T20:43:14Z","2026-08-29T06:35:17Z","110","2","3","https://github.com/OpenDigitalProductFactory/opendigitalproductfactory/pull/4816"
"4815","fix(guards): live-blocker must not OK when origin/main is unresolvable (BI-B263E76C)","2026-08-28T20:39:01Z","2026-08-28T20:59:14Z","30","5","2","https://github.com/OpenDigitalProductFactory/opendigitalproductfactory/pull/4815"
"4814","fix(guards): docs plus a fresh derived artifact is still a docs push (BI-AC48D79F)","2026-08-28T20:38:59Z","2026-08-28T21:02:37Z","38","2","2","https://github.com/OpenDigitalProductFactory/opendigitalproductfactory/pull/4814"
"4813","fix(review): hydrate proof-only terminal writer resumes","2026-08-28T20:08:58Z","2026-08-28T20:33:52Z","267","38","2","https://github.com/OpenDigitalProductFactory/opendigitalproductfactory/pull/4813"
"4812","fix(build): honour a recorded decomposition override in the owner's next action (BI-181E8776)","2026-08-28T20:05:41Z","2026-08-28T20:35:36Z","71","0","2","https://github.com/OpenDigitalProductFactory/opendigitalproductfactory/pull/4812"
"4811","fix(inference): declare the authorized-surface block as instruction, not payload","2026-08-28T19:49:34Z","2026-08-28T20:19:42Z","92","1","3","https://github.com/OpenDigitalProductFactory/opendigitalproductfactory/pull/4811"
"4810","fix(guards): pregate-status queued is INCONCLUSIVE, not FAIL (BI-51353470)","2026-08-28T19:34:55Z","2026-08-28T19:57:16Z","93","4","2","https://github.com/OpenDigitalProductFactory/opendigitalproductfactory/pull/4810"
"4809","fix(guards): doc-anchor must not OK when origin/main is unresolvable (BI-B6433DC6)","2026-08-28T19:32:10Z","2026-08-28T19:53:45Z","123","9","2","https://github.com/OpenDigitalProductFactory/opendigitalproductfactory/pull/4809"
"4808","doc(plan): correct a wrong diagnosis in the hive-scout coverage note","2026-08-28T19:31:38Z","2026-08-28T19:48:40Z","1","1","1","https://github.com/OpenDigitalProductFactory/opendigitalproductfactory/pull/4808"
"4807","doc(kernel): a lease-gated runtime is never reachable off the host","2026-08-28T19:24:00Z","2026-08-28T19:48:40Z","23","7","3","https://github.com/OpenDigitalProductFactory/opendigitalproductfactory/pull/4807"
"4806","fix(inference): stop one ambiguous word clamping a coworker turn to the local model (BI-DECCF716)","2026-08-28T18:30:54Z","2026-08-28T18:54:56Z","159","11","3","https://github.com/OpenDigitalProductFactory/opendigitalproductfactory/pull/4806"
"4805","fix(review): hydrate terminal writer evidence context","2026-08-28T18:22:00Z","2026-08-28T18:44:31Z","917","34","7","https://github.com/OpenDigitalProductFactory/opendigitalproductfactory/pull/4805"
"4804","fix(build-studio): the readiness refusal reaches the owner as words (BI-C5D978E9)","2026-08-28T17:52:47Z","2026-08-28T18:35:36Z","68","4","4","https://github.com/OpenDigitalProductFactory/opendigitalproductfactory/pull/4804"
"4803","fix(review): keep terminal writer resumable","2026-08-28T16:11:59Z","2026-08-28T16:36:37Z","153","31","5","https://github.com/OpenDigitalProductFactory/opendigitalproductfactory/pull/4803"
"4802","fix(build-studio): record which engine authored a design document (BI-2D698C7B)","2026-08-28T15:45:56Z","2026-08-28T16:10:42Z","78","1","3","https://github.com/OpenDigitalProductFactory/opendigitalproductfactory/pull/4802"
"4801","fix(review): recover expired approval from input-required (BI-F48D7059)","2026-08-28T15:24:12Z","2026-08-29T01:05:54Z","1770","142","14","https://github.com/OpenDigitalProductFactory/opendigitalproductfactory/pull/4801"
"4800","fix(readiness): a Build Studio design resolves as canonical initiative text (BI-126441FA)","2026-08-28T14:24:49Z","2026-08-28T14:48:35Z","150","1","3","https://github.com/OpenDigitalProductFactory/opendigitalproductfactory/pull/4800"
"4799","doc: design verification-first workroom gates","2026-08-28T14:09:42Z","2026-08-28T17:14:16Z","429","5","3","https://github.com/OpenDigitalProductFactory/opendigitalproductfactory/pull/4799"
"4798","doc: review remote agent surface transcript for DPF ideas","2026-08-28T13:33:28Z","2026-08-28T14:07:27Z","293","0","1","https://github.com/OpenDigitalProductFactory/opendigitalproductfactory/pull/4798"
"4797","Revert ""fix(coworker): approving an action resumes the task waiting on it"" (BI-3907AF35)","2026-08-28T12:59:29Z","2026-08-28T13:19:30Z","8","115","2","https://github.com/OpenDigitalProductFactory/opendigitalproductfactory/pull/4797"
"4796","fix(coworker): approving an action resumes the task waiting on it (BI-3907AF35)","2026-08-28T11:28:54Z","2026-08-28T11:52:32Z","115","0","2","https://github.com/OpenDigitalProductFactory/opendigitalproductfactory/pull/4796"
"4795","fix(review): preserve terminal writer on route exits","2026-08-28T09:56:51Z","2026-08-28T10:21:02Z","227","31","4","https://github.com/OpenDigitalProductFactory/opendigitalproductfactory/pull/4795"
"4794","fix(tak): a governed initiative review earns the review-phase budget (BI-3907AF35)","2026-08-28T09:40:32Z","2026-08-28T10:01:26Z","96","1","3","https://github.com/OpenDigitalProductFactory/opendigitalproductfactory/pull/4794"
"4793","fix(review): preserve missing terminal writer work","2026-08-28T08:13:14Z","2026-08-28T08:34:59Z","744","271","10","https://github.com/OpenDigitalProductFactory/opendigitalproductfactory/pull/4793"
"4792","fix(routing): collapse union types so Gemini function calling works (BI-3907AF35)","2026-08-28T07:48:05Z","2026-08-28T08:11:09Z","110","0","2","https://github.com/OpenDigitalProductFactory/opendigitalproductfactory/pull/4792"
"4791","fix(review): read bound PR source from provider","2026-08-28T06:05:09Z","2026-08-28T06:33:02Z","436","56","13","https://github.com/OpenDigitalProductFactory/opendigitalproductfactory/pull/4791"
"4790","feat(build-studio): record the research the ideate phase actually performed (BI-C5D978E9)","2026-08-28T06:01:59Z","2026-08-28T06:22:58Z","201","1","4","https://github.com/OpenDigitalProductFactory/opendigitalproductfactory/pull/4790"
"4789","fix: adopt_worktree records which session claimed the branch","2026-08-28T05:00:16Z","2026-08-28T06:15:26Z","124","4","7","https://github.com/OpenDigitalProductFactory/opendigitalproductfactory/pull/4789"
"4788","fix(build-studio): say why a build cannot advance, in the owner's language (BI-C5D978E9)","2026-08-28T04:47:03Z","2026-08-28T05:11:43Z","131","1","3","https://github.com/OpenDigitalProductFactory/opendigitalproductfactory/pull/4788"
"4787","feat(mcp): OAuth 2.1 self-authentication for the MCP transport (BI-E4DFDCB0)","2026-08-28T04:00:14Z","2026-08-28T19:05:12Z","5254","46","47","https://github.com/OpenDigitalProductFactory/opendigitalproductfactory/pull/4787"
"4786","fix(review): bind immutable reader arguments (BI-SIG-463E478D)","2026-08-28T03:25:10Z","2026-08-28T03:45:50Z","1419","165","13","https://github.com/OpenDigitalProductFactory/opendigitalproductfactory/pull/4786"
"4785","fix(local-ci): stop waiting on an executor that is gone (BI-40230C6F)","2026-08-28T03:24:14Z","2026-08-28T03:44:48Z","144","0","4","https://github.com/OpenDigitalProductFactory/opendigitalproductfactory/pull/4785"
"4784","feat: bind a worktree to a Workroom at creation, reconcile the rest, and enforce the claim","2026-08-28T02:39:19Z","2026-08-28T03:43:21Z","718","5","11","https://github.com/OpenDigitalProductFactory/opendigitalproductfactory/pull/4784"
"4783","fix(build-studio): an unreviewable design is not a rejected one (BI-D33F968A)","2026-08-28T02:21:32Z","2026-08-28T02:41:58Z","79","12","6","https://github.com/OpenDigitalProductFactory/opendigitalproductfactory/pull/4783"
"4782","fix: resume external tasks after provider capacity (BI-42CE2CE7)","2026-08-28T02:15:24Z","2026-08-28T11:58:47Z","1715","328","9","https://github.com/OpenDigitalProductFactory/opendigitalproductfactory/pull/4782"
"4780","feat(identity): serve the directory — projection, LDAP, and Principal as the authentication root (EP-24741BBF)","2026-08-28T01:07:48Z","2026-08-28T01:38:02Z","2704","64","22","https://github.com/OpenDigitalProductFactory/opendigitalproductfactory/pull/4780"
"4779","fix(security): SOC console counts open detections all-time, matching open cases (BI-7D1EC4B9)","2026-08-28T00:44:12Z","2026-08-28T01:04:58Z","6","3","2","https://github.com/OpenDigitalProductFactory/opendigitalproductfactory/pull/4779"
"4778","fix(compliance): a stale scan reads stale, not green (BI-DA37A602)","2026-08-28T00:19:53Z","2026-08-28T01:03:23Z","114","15","4","https://github.com/OpenDigitalProductFactory/opendigitalproductfactory/pull/4778"
"4777","feat: consolidate platform SBOM currency (BI-7D2C4F02)","2026-08-28T00:17:32Z","2026-08-28T06:28:25Z","1720","984","55","https://github.com/OpenDigitalProductFactory/opendigitalproductfactory/pull/4777"
"4776","fix(work-case): surface the capsule's activity journal in the room feed (BI-1CF7B600)","2026-08-27T23:58:06Z","2026-08-28T01:18:30Z","127","4","3","https://github.com/OpenDigitalProductFactory/opendigitalproductfactory/pull/4776"
"4775","fix(release): re-pin hwdsl2/whisper-server to the current registry digest","2026-08-27T23:54:39Z","2026-08-28T04:49:25Z","4","4","2","https://github.com/OpenDigitalProductFactory/opendigitalproductfactory/pull/4775"
"4774","fix(storefront): software-platform archetype gets its own item vocabulary (BI-35753C53)","2026-08-27T23:43:35Z","2026-08-28T01:07:19Z","37","0","2","https://github.com/OpenDigitalProductFactory/opendigitalproductfactory/pull/4774"
"4773","fix(proactivity): make every self-task coworker reachable from the roster (BI-B05E5D30)","2026-08-27T23:39:19Z","2026-08-28T00:00:30Z","120","5","2","https://github.com/OpenDigitalProductFactory/opendigitalproductfactory/pull/4773"
"4772","feat(bookkeeping): seed the standing weekly cycle — the framework's initial use (BI-DC738330)","2026-08-27T23:30:12Z","2026-08-28T01:03:23Z","226","3","6","https://github.com/OpenDigitalProductFactory/opendigitalproductfactory/pull/4772"
"4771","fix(work-case): the list and the room derive one state (BI-2310EEE1)","2026-08-27T23:17:18Z","2026-08-27T23:38:14Z","111","3","2","https://github.com/OpenDigitalProductFactory/opendigitalproductfactory/pull/4771"
"4770","feat(scheduled-jobs): say why a coworker task runs at the cadence it runs at","2026-08-27T22:41:59Z","2026-08-27T23:50:51Z","202","2","5","https://github.com/OpenDigitalProductFactory/opendigitalproductfactory/pull/4770"
"4769","feat(workforce): let an archetype declare its own worker classes and work locations (BI-A30152B6)","2026-08-27T21:57:53Z","2026-08-27T22:43:02Z","443","4","10","https://github.com/OpenDigitalProductFactory/opendigitalproductfactory/pull/4769"
"4768","fix(attention): work that is not the owner's must not fill the owner's inbox (BI-79E207B9)","2026-08-27T21:41:16Z","2026-08-27T22:03:16Z","177","8","9","https://github.com/OpenDigitalProductFactory/opendigitalproductfactory/pull/4768"
"4767","fix(calendar): the business calendar must show the create control its link promises (BI-460BFA84)","2026-08-27T21:08:12Z","2026-08-27T21:29:22Z","160","2","6","https://github.com/OpenDigitalProductFactory/opendigitalproductfactory/pull/4767"
"4766","fix(twin): the value stream must not promise destinations it does not have (BI-AF50DBD5)","2026-08-27T20:51:51Z","2026-08-27T21:15:21Z","203","23","8","https://github.com/OpenDigitalProductFactory/opendigitalproductfactory/pull/4766"
"4765","fix(storefront): an animal's details must be correctable, and Delete must ask (BI-56BB6038)","2026-08-27T20:34:43Z","2026-08-27T21:15:21Z","339","22","4","https://github.com/OpenDigitalProductFactory/opendigitalproductfactory/pull/4765"
"4764","fix(storefront): no inbound channel may require a donation (BI-7F851119)","2026-08-27T20:17:39Z","2026-08-27T21:17:35Z","183","17","7","https://github.com/OpenDigitalProductFactory/opendigitalproductfactory/pull/4764"
"4763","doc(archetype-audit): score whether the day can be done, not only whether the model exists","2026-08-27T15:23:45Z","2026-08-27T17:22:05Z","308","7","3","https://github.com/OpenDigitalProductFactory/opendigitalproductfactory/pull/4763"
"4762","fix(routing): stop reporting every Gemini model as text-only (BI-7C957749)","2026-08-27T10:40:51Z","2026-08-27T17:21:49Z","181","2","3","https://github.com/OpenDigitalProductFactory/opendigitalproductfactory/pull/4762"
"4761","fix(build-studio): a phase-gate refusal is a value, not a thrown error (BI-04B112CA)","2026-08-27T10:28:29Z","2026-08-27T10:54:09Z","13","14","2","https://github.com/OpenDigitalProductFactory/opendigitalproductfactory/pull/4761"
"4760","feat(brand): make the brand record reachable by generation (BI-7E7E8635)","2026-08-27T09:36:33Z","2026-08-27T09:59:28Z","259","0","3","https://github.com/OpenDigitalProductFactory/opendigitalproductfactory/pull/4760"
"4759","feat(marketing): give marketing strategy grounding a write path (BI-06BB96F0)","2026-08-27T09:16:55Z","2026-08-27T10:32:18Z","541","8","9","https://github.com/OpenDigitalProductFactory/opendigitalproductfactory/pull/4759"
"4758","fix(build-studio): waiting on the owner is not the platform going quiet (BI-C35F1FED)","2026-08-27T08:40:47Z","2026-08-27T09:04:07Z","85","5","4","https://github.com/OpenDigitalProductFactory/opendigitalproductfactory/pull/4758"
"4757","feat(marketing): give the marketing coworker a proactivity family (BI-C26FE785)","2026-08-27T08:25:33Z","2026-08-27T09:28:19Z","272","21","8","https://github.com/OpenDigitalProductFactory/opendigitalproductfactory/pull/4757"
"4756","test(edge): pin the planned edge install targets before provisioning touches them","2026-08-27T07:12:20Z","2026-08-27T07:36:40Z","163","0","1","https://github.com/OpenDigitalProductFactory/opendigitalproductfactory/pull/4756"
"4755","feat(mcp): let external agents act as a coworker so they can join Work Rooms (BI-B986A18B)","2026-08-27T07:11:14Z","2026-08-27T09:21:04Z","1279","37","20","https://github.com/OpenDigitalProductFactory/opendigitalproductfactory/pull/4755"
"4754","fix(build-studio): a plan retry must not re-ask the endpoint that just failed (BI-7AD0759A)","2026-08-27T06:34:56Z","2026-08-27T06:57:34Z","116","3","3","https://github.com/OpenDigitalProductFactory/opendigitalproductfactory/pull/4754"
"4753","fix: a partial node_modules must not block a worktree from ever gating","2026-08-27T06:12:20Z","2026-08-27T07:09:56Z","94","6","3","https://github.com/OpenDigitalProductFactory/opendigitalproductfactory/pull/4753"
"4752","feat(ci): guard the import closure of every Dockerfile-copied script (BI-9B490215)","2026-08-27T06:01:35Z","2026-08-27T06:19:14Z","363","0","3","https://github.com/OpenDigitalProductFactory/opendigitalproductfactory/pull/4752"
"4751","feat: guard that work on a feature branch is covered by a Workroom claim","2026-08-27T05:44:58Z","2026-08-27T08:23:13Z","684","3","10","https://github.com/OpenDigitalProductFactory/opendigitalproductfactory/pull/4751"
"4750","fix: converge the pre-push gate at session start, not only at install","2026-08-27T04:43:49Z","2026-08-27T05:06:10Z","569","40","9","https://github.com/OpenDigitalProductFactory/opendigitalproductfactory/pull/4750"
